timestamp,segment_id,pressure,flow_rate,temperature,valve_status,pump_state,pump_speed,compressor_state,energy_consumption,alarm_triggered,event_type,target
1/1/2024 0:00,34,71.63,3.07,33.61,1,1,1385.6,1,36.32,0,normal,0
1/1/2024 0:00,15,71.28,4.61,31.96,0,1,1422.1,1,33.4,0,normal,0
1/1/2024 0:00,42,68.6,4.55,33.21,2,0,0,0,11.09,0,normal,0
1/1/2024 0:00,16,98.49,1.61,30.61,2,1,1368.7,1,37.07,1,blockage,1
1/1/2024 0:00,7,81.63,4.95,32.51,1,0,0,0,11.21,0,normal,0
1/1/2024 0:00,10,67.41,4.46,32.94,2,1,1441.8,1,33.03,0,normal,0
1/1/2024 0:00,45,83.73,4.2,32.08,1,1,1240,0,22.15,0,normal,0
1/1/2024 0:00,29,74.94,4.32,33.26,1,0,0,1,17.19,0,normal,0
1/1/2024 0:00,12,69.77,4.4,33.24,1,0,0,1,24.92,0,degradation,1
1/1/2024 0:00,18,79.74,4.66,30.8,1,1,1213.4,0,22.1,0,normal,0
1/1/2024 0:00,49,79.95,4.8,34.59,1,1,1283.9,1,31.73,0,normal,0
1/1/2024 0:00,50,70.42,4.96,31.38,0,1,1422.8,1,33.94,0,normal,0
1/1/2024 0:00,12,80.1,4.27,30.19,1,1,1311.8,1,31.8,0,normal,0
1/1/2024 0:00,3,73.54,4.55,28.67,2,1,1294.3,0,26.05,0,normal,0
1/1/2024 0:00,29,96.02,2.04,28.7,1,0,0,1,23.88,1,blockage,1
1/1/2024 0:00,12,70.51,5.14,34.05,2,1,1327.7,1,32.83,0,normal,0
1/1/2024 0:00,11,76.58,3.79,31.89,1,0,0,1,22.22,0,normal,0
1/1/2024 0:00,24,80.25,5.13,29.91,1,1,1248.1,1,34.91,0,normal,0
1/1/2024 0:00,42,83.64,5.6,32.03,0,0,0,1,18,0,normal,0
1/1/2024 0:00,21,81.23,4.72,30.04,1,1,1373.9,1,34.08,0,normal,0
1/1/2024 0:00,4,88.65,1.4,29.61,1,1,1623.7,0,24.31,1,blockage,1
1/1/2024 0:00,3,84.09,5.45,30.02,1,1,1383.2,0,20.71,1,surge,1
1/1/2024 0:00,28,77.33,3.97,31.15,1,1,1291.3,1,32.85,0,normal,0
1/1/2024 0:00,10,88.19,5.96,30.33,1,1,1334.5,1,33.84,1,surge,1
1/1/2024 0:00,28,76.58,3.73,37.21,1,1,1534.3,1,30.77,0,normal,0
1/1/2024 0:00,35,79.36,4.08,28.4,2,0,0,0,10.28,0,normal,0
1/1/2024 0:00,42,76.25,4.84,32.27,1,1,1317.3,1,31.82,0,normal,0
1/1/2024 0:00,29,72.72,4.3,29.1,0,1,1319.8,0,23.34,0,normal,0
1/1/2024 0:00,45,101.75,2.32,29.35,1,1,1262.9,0,21.4,1,blockage,1
1/1/2024 0:00,26,76.4,4.64,30.98,0,1,1314.3,1,31.09,0,normal,0
1/1/2024 0:00,23,73.59,4.16,34.78,1,1,1371.9,1,37.07,0,normal,0
1/1/2024 0:00,35,71.52,5.06,32.29,1,1,1329.3,1,32.63,0,normal,0
1/1/2024 0:00,8,101.79,1.49,30.67,1,0,0,1,21.95,1,blockage,1
1/1/2024 0:00,33,69.56,5.17,33.56,1,0,0,0,8.05,0,normal,0
1/1/2024 0:00,33,80.1,3.95,30.5,1,1,1334,1,36.02,0,normal,0
1/1/2024 0:00,23,69.08,5.44,27.38,1,1,1362.5,0,24.61,0,normal,0
1/1/2024 0:00,13,79.14,1.51,33.58,2,1,1326.9,1,29.59,1,blockage,1
1/1/2024 0:00,26,66.43,5.26,30.75,1,1,1455.5,0,29.62,0,normal,0
1/1/2024 0:00,46,67.2,4.34,31.27,2,0,0,1,23.97,0,normal,0
1/1/2024 0:00,9,69.63,4.25,29.58,2,1,1300.4,1,31.21,0,normal,0
1/1/2024 0:00,38,81.86,4.57,36.08,1,1,1591.1,1,37.18,0,normal,0
1/1/2024 0:00,50,78.02,4.14,31.7,2,1,1464.6,0,25.84,0,normal,0
1/1/2024 0:00,7,66.93,4.4,30.97,0,1,1288.9,1,31.39,1,leak,1
1/1/2024 0:00,11,56.7,3.19,31.2,1,1,1572.3,1,39.55,1,leak,1
1/1/2024 0:00,7,87.19,4.56,33.8,1,1,1316.7,1,31.25,0,normal,0
1/1/2024 0:00,22,81.33,5.37,35.56,1,1,1669.1,0,25.7,0,normal,0
1/1/2024 0:00,21,74.46,4.84,34.44,2,1,1476.8,0,22.31,0,normal,0
1/1/2024 0:00,11,70.89,5.41,31.89,2,1,1363.4,1,32.87,0,normal,0
1/1/2024 0:00,27,96.66,5.47,30.7,1,1,1224.4,1,29.72,1,surge,1
1/1/2024 0:00,43,75.56,4.93,30.38,0,0,0,1,23.14,0,normal,0
1/1/2024 0:00,23,71.66,3.87,33.18,1,1,1500.6,1,34.08,0,normal,0
1/1/2024 0:00,17,76.16,4.67,31.08,1,1,1444.6,1,37.65,0,normal,0
1/1/2024 0:00,41,78.36,4.52,35.48,1,1,1162.8,1,29.09,0,normal,0
1/1/2024 0:00,23,79.33,4.71,32.11,0,1,1330.5,0,23.45,0,normal,0
1/1/2024 0:00,50,79.03,4.62,31.21,1,1,1434.4,1,34.54,0,normal,0
1/1/2024 0:00,45,74.06,3.83,32.67,0,1,1393.3,1,33.95,0,normal,0
1/1/2024 0:00,1,69.84,4.78,34.47,1,0,0,0,10.05,0,normal,0
1/1/2024 0:00,17,74.1,4.03,28.17,1,1,1259.2,1,32.84,0,normal,0
1/1/2024 0:00,18,79.78,3.95,34.49,1,1,964.5,0,31.97,1,degradation,1
1/1/2024 0:00,32,72.8,4.24,28.69,1,1,1516.1,1,38.71,0,normal,0
1/1/2024 0:01,16,78.66,4.11,33.95,0,0,0,0,9.86,0,normal,0
1/1/2024 0:01,2,69.98,4.78,32.16,2,1,1263,1,35.42,0,normal,0
1/1/2024 0:01,44,71.42,4.18,35.15,1,0,0,0,10.32,0,degradation,1
1/1/2024 0:01,33,84.81,4.91,33.96,1,0,0,1,22.21,0,normal,0
1/1/2024 0:01,46,71.49,4.1,28.85,0,1,1540.7,0,26.32,0,normal,0
1/1/2024 0:01,13,80.72,4.99,30.05,1,0,0,1,22.07,0,normal,0
1/1/2024 0:01,9,94.53,5.04,29.88,1,1,1435.8,1,39.1,1,surge,1
1/1/2024 0:01,49,75.44,4.75,35.98,0,0,0,1,18.4,0,normal,0
1/1/2024 0:01,49,62.76,2.74,31.92,1,1,1293.3,1,32.63,1,leak,1
1/1/2024 0:01,33,77.68,4.9,31.31,1,1,864.6,0,30.04,1,degradation,1
1/1/2024 0:01,19,75.97,4.36,33.16,1,0,0,1,19.38,0,normal,0
1/1/2024 0:01,13,93.95,5.44,33.17,1,0,0,0,10.2,1,surge,1
1/1/2024 0:01,44,76.3,4.83,28.63,1,1,1412.3,1,35.17,0,normal,0
1/1/2024 0:01,32,74.43,4.43,31.53,1,1,1517.9,1,34.63,0,normal,0
1/1/2024 0:01,39,64.61,5.16,28.92,2,1,1384,0,24.8,0,normal,0
1/1/2024 0:01,48,107.09,5.4,32.64,1,1,1350.3,0,23.72,1,surge,1
1/1/2024 0:01,30,75.39,4.4,36.79,0,1,1330.9,0,23.26,0,normal,0
1/1/2024 0:01,18,76.54,4.88,33.93,1,1,1363.7,0,23.32,0,normal,0
1/1/2024 0:01,37,73.02,4.71,30.56,1,0,0,0,11.84,0,normal,0
1/1/2024 0:01,43,77.21,2.26,31.22,0,1,1366.1,1,35.81,1,blockage,1
1/1/2024 0:01,3,68.86,4.31,31.64,2,0,0,1,19.05,0,normal,0
1/1/2024 0:01,13,67.04,4.22,31.92,2,0,0,0,6.14,0,normal,0
1/1/2024 0:01,43,99.18,6.49,28.98,2,0,0,1,22,1,surge,1
1/1/2024 0:01,25,73.58,4.28,31.46,1,1,1313,0,22.03,0,normal,0
1/1/2024 0:01,35,60.31,2.76,30.7,0,1,1426.3,0,22.73,1,leak,1
1/1/2024 0:01,43,74.8,4.34,34.94,0,1,1574.7,1,37.27,0,normal,0
1/1/2024 0:01,28,73.8,4.11,30.69,1,1,1273.5,1,33.96,0,normal,0
1/1/2024 0:01,41,101.5,5.85,32.73,2,1,1466.4,0,22.07,1,surge,1
1/1/2024 0:01,30,69.52,4.55,32.6,0,1,1195.2,0,30.09,0,degradation,1
1/1/2024 0:01,24,67.2,4.91,33.19,1,1,1055.1,1,54.8,1,degradation,1
1/1/2024 0:01,1,72.64,4.49,32.49,1,1,1407.9,0,25.96,0,normal,0
1/1/2024 0:01,15,70.39,4.3,31.36,2,0,0,1,20.8,0,normal,0
1/1/2024 0:01,6,66.97,3.66,33.69,0,1,1317.2,0,22.51,0,normal,0
1/1/2024 0:01,23,71.73,5.37,33.81,1,1,1291.3,1,35.07,0,normal,0
1/1/2024 0:01,28,76.95,3.46,35.41,1,1,1083.8,1,46.35,1,degradation,1
1/1/2024 0:01,28,62.83,3.79,31.31,1,0,0,1,17.59,1,leak,1
1/1/2024 0:01,9,79.85,4.01,32.75,1,1,1391.4,1,31.21,0,normal,0
1/1/2024 0:01,26,76.2,4.79,32.76,1,0,0,1,26.68,0,degradation,1
1/1/2024 0:01,16,84.17,4.04,32.59,1,1,1481.8,1,35.87,0,normal,0
1/1/2024 0:01,19,74.14,5.43,33.19,1,0,0,1,21.01,0,normal,0
1/1/2024 0:01,23,76.93,4.05,34.21,1,1,1338.3,1,34.72,0,normal,0
1/1/2024 0:01,4,80.17,4.36,32.65,0,1,1163.3,1,48.85,0,degradation,1
1/1/2024 0:01,8,81.5,4.13,28.69,1,0,0,0,8.77,0,normal,0
1/1/2024 0:01,21,81.99,4.96,33.5,1,1,1004.9,1,42.46,0,degradation,1
1/1/2024 0:01,14,80.97,4.2,29.35,1,1,1205.1,0,23.89,0,normal,0
1/1/2024 0:01,26,47.46,1.99,31.81,0,1,1354.2,1,34.67,1,leak,1
1/1/2024 0:01,41,101.68,2.11,34.31,1,1,1567.5,1,36.82,1,blockage,1
1/1/2024 0:01,22,65.75,4.46,28.48,1,1,1273.4,1,31.09,0,normal,0
1/1/2024 0:01,48,79.07,4.71,34.11,1,1,1243.3,0,31.65,1,degradation,1
1/1/2024 0:01,12,77.29,5.02,31.51,1,0,0,1,22.16,0,normal,0
1/1/2024 0:01,45,89.03,2.77,29.96,0,1,1474.6,0,22.25,1,blockage,1
1/1/2024 0:01,23,63.08,4.15,33.88,1,1,1458.3,1,36.81,0,normal,0
1/1/2024 0:01,43,69.69,4.26,30.8,1,0,0,1,20.08,0,normal,0
1/1/2024 0:01,21,85.51,1.41,36.74,1,1,1420.8,0,27.27,1,blockage,1
1/1/2024 0:01,21,61.31,2.54,30.77,1,1,1557.7,0,27.21,1,leak,1
1/1/2024 0:01,24,78.31,3.64,30.96,1,1,1275.1,1,31.31,0,normal,0
1/1/2024 0:01,10,82.94,4.51,34.37,1,1,1462,1,34.88,0,normal,0
1/1/2024 0:01,15,73.83,3.64,33.21,1,1,1568.3,1,37.73,0,normal,0
1/1/2024 0:01,29,64.82,3.59,31.14,2,1,1461.9,1,34.85,1,leak,1
1/1/2024 0:01,47,98.69,1.37,33.44,0,1,1383.5,1,30.55,1,blockage,1
1/1/2024 0:02,24,77.93,4.39,31.1,2,0,0,1,19.38,0,normal,0
1/1/2024 0:02,49,77.54,4.77,32.2,1,1,1356.5,0,22.34,0,normal,0
1/1/2024 0:02,6,75.98,4.58,33.79,1,1,1306.2,1,30.13,0,normal,0
1/1/2024 0:02,7,78.96,4.92,33.19,1,0,0,1,15.99,0,normal,0
1/1/2024 0:02,19,111.35,5.38,33.65,1,0,0,1,21.67,1,surge,1
1/1/2024 0:02,31,77.75,3.48,29.79,0,1,1117.9,1,44.01,0,degradation,1
1/1/2024 0:02,1,89.89,1.08,33.62,1,0,0,1,20.37,1,blockage,1
1/1/2024 0:02,1,66.9,4.74,30.73,1,1,1241.9,0,24.93,0,normal,0
1/1/2024 0:02,31,77.39,4.79,33.93,1,1,1298,0,25.07,0,normal,0
1/1/2024 0:02,6,94.6,1.38,33.47,1,1,1413.9,0,26.29,1,blockage,1
1/1/2024 0:02,36,69.25,3.71,29.39,0,1,1150.4,0,33.12,0,degradation,1
1/1/2024 0:02,22,67.14,4.38,27.42,1,1,1015.7,0,34.08,0,degradation,1
1/1/2024 0:02,9,71.79,5.11,31.94,1,1,1440.8,0,24.6,0,normal,0
1/1/2024 0:02,28,76,4.03,31.71,0,1,1413.3,1,33.58,0,normal,0
1/1/2024 0:02,30,77.08,4.87,31.02,1,1,1480.7,1,37.6,0,normal,0
1/1/2024 0:02,9,71.39,5.19,32.23,1,1,1393.5,1,58.18,0,degradation,1
1/1/2024 0:02,8,76.69,3.91,31.14,1,1,1315.7,1,34.17,0,normal,0
1/1/2024 0:02,40,79.69,4.51,30.36,1,1,1553,0,25.46,0,normal,0
1/1/2024 0:02,18,77.23,4.12,31.86,0,1,958.4,1,46.01,0,degradation,1
1/1/2024 0:02,2,78.87,3.91,30.31,0,0,0,1,20.04,0,normal,0
1/1/2024 0:02,50,79.67,4.03,31,0,1,1399.1,0,22.3,0,normal,0
1/1/2024 0:02,49,71.74,4.24,30.93,1,1,1395.4,1,34.5,0,normal,0
1/1/2024 0:02,48,73.13,4.57,33.6,1,0,0,1,20.6,0,normal,0
1/1/2024 0:02,9,74.32,4.48,35.54,1,1,1248.7,0,30.16,0,degradation,1
1/1/2024 0:02,37,48.16,3.79,30.19,1,0,0,1,19.51,1,leak,1
1/1/2024 0:02,47,78.3,4.41,32.49,1,0,0,1,26.2,0,degradation,1
1/1/2024 0:02,48,74.07,4.21,30.62,1,1,1381,0,23.83,0,normal,0
1/1/2024 0:02,11,76.34,5.23,32.9,1,0,0,1,20.56,0,normal,0
1/1/2024 0:02,43,77.31,4.32,31.23,1,1,1044.9,1,47.96,0,degradation,1
1/1/2024 0:02,3,76.33,4.76,28.29,0,1,1357.3,1,32.11,0,normal,0
1/1/2024 0:02,29,73.05,5.04,33.29,0,0,0,1,29.55,0,degradation,1
1/1/2024 0:02,28,98.08,5.24,35.82,1,1,1425,1,30.71,1,surge,1
1/1/2024 0:02,45,78.33,3.94,29.57,1,1,1254.1,1,34.87,0,normal,0
1/1/2024 0:02,8,73.24,4.95,33.61,1,0,0,0,10.47,0,normal,0
1/1/2024 0:02,8,82.48,4.04,32.83,2,1,1272.6,0,21.8,0,normal,0
1/1/2024 0:02,49,74.25,4.39,35.16,0,1,1388.8,1,35.21,0,normal,0
1/1/2024 0:02,12,74.04,5.11,30.77,0,1,1508.6,0,21.66,0,normal,0
1/1/2024 0:02,2,84.06,5.6,32.27,1,1,1028.6,0,30.81,0,degradation,1
1/1/2024 0:02,14,67.41,4.68,34.13,1,1,1307.9,0,20.28,0,normal,0
1/1/2024 0:02,49,66.62,5.48,33.99,1,1,1388.4,1,34.3,0,normal,0
1/1/2024 0:02,5,71.19,4.85,34.23,1,1,1526,1,37.14,0,normal,0
1/1/2024 0:02,2,72.93,3.62,30.09,1,0,0,0,13.59,0,normal,0
1/1/2024 0:02,38,74.82,3.89,30.67,1,0,0,0,8.24,0,normal,0
1/1/2024 0:02,33,76.65,5.58,32.95,1,1,1342.3,1,31.54,0,normal,0
1/1/2024 0:02,6,74.98,4.27,32.53,1,0,0,1,25.31,0,degradation,1
1/1/2024 0:02,42,69.01,4.57,31.27,1,1,1503.5,0,24.08,0,normal,0
1/1/2024 0:02,6,78.88,4.83,34.83,1,0,0,1,25.24,0,degradation,1
1/1/2024 0:02,9,77.82,4.68,32.2,1,0,0,1,19.95,0,normal,0
1/1/2024 0:02,9,70.06,4.27,29.6,2,0,0,1,28.65,1,degradation,1
1/1/2024 0:02,4,98.7,5.28,33.33,2,1,1391.9,0,25.3,1,surge,1
1/1/2024 0:02,20,78.92,4.8,32.28,1,0,0,1,21.7,0,normal,0
1/1/2024 0:02,40,73.09,4.71,34.25,0,1,1464.3,1,35.28,0,normal,0
1/1/2024 0:02,22,68.02,4.65,30.47,0,1,1390.6,1,34.89,0,normal,0
1/1/2024 0:02,32,77.3,5.09,32.49,1,1,1338.4,1,54.31,0,degradation,1
1/1/2024 0:02,7,68.66,4.23,34.99,1,1,1304.4,1,32.3,0,normal,0
1/1/2024 0:02,22,74.69,4.93,30.8,1,0,0,1,20.42,0,normal,0
1/1/2024 0:02,26,73.39,4.83,33.13,0,1,1611.7,1,35.56,0,normal,0
1/1/2024 0:02,40,77.61,3.7,33.68,0,0,0,0,11.58,0,normal,0
1/1/2024 0:02,27,76.33,4.61,31.07,1,0,0,0,14.14,0,degradation,1
1/1/2024 0:02,1,72.15,5.29,35.86,1,1,1325.2,1,35.12,0,normal,0
1/1/2024 0:03,42,72.91,4.81,28.55,1,1,1469.7,1,35.43,0,normal,0
1/1/2024 0:03,33,76.23,5.15,32.19,1,1,1226.7,1,32.65,0,normal,0
1/1/2024 0:03,20,78.73,4.53,30.42,0,1,1492.3,1,34.12,0,normal,0
1/1/2024 0:03,16,72.76,4.01,30.56,2,1,1374.6,0,25.24,0,normal,0
1/1/2024 0:03,10,72.82,3.99,33.57,0,0,0,1,16.42,0,normal,0
1/1/2024 0:03,31,72.14,5.1,32.67,0,1,1445.2,1,36.55,0,normal,0
1/1/2024 0:03,3,76.51,3.97,33.42,0,0,0,0,9.88,0,normal,0
1/1/2024 0:03,1,65.69,4.4,31.13,1,1,1337.2,0,20.74,0,normal,0
1/1/2024 0:03,42,74.76,4.41,32.26,0,1,1405.1,1,35.36,0,normal,0
1/1/2024 0:03,48,77.86,4.26,35.07,1,1,1483.5,1,39.49,0,normal,0
1/1/2024 0:03,18,71.06,4.6,30.68,1,0,0,1,16.15,0,normal,0
1/1/2024 0:03,44,72.67,4.58,31.67,2,1,1441.5,1,36.28,0,normal,0
1/1/2024 0:03,49,73.8,4.97,32.33,0,1,1427.7,0,19.24,0,normal,0
1/1/2024 0:03,5,78.73,4.81,27.43,1,1,1476.4,0,23.69,0,normal,0
1/1/2024 0:03,16,79.71,4.01,32.62,1,1,1454.3,1,36.49,0,normal,0
1/1/2024 0:03,24,75.29,3.92,29.08,1,1,1378.3,1,31.36,0,normal,0
1/1/2024 0:03,10,75.27,4.32,30.92,1,0,0,1,16.29,0,normal,0
1/1/2024 0:03,10,77.6,3.28,34.07,2,0,0,0,14.26,0,normal,0
1/1/2024 0:03,20,101.44,5.53,36.42,0,1,1126,0,23.28,1,surge,1
1/1/2024 0:03,17,78.09,4.66,31.76,0,1,1426.2,1,37.34,0,normal,0
1/1/2024 0:03,31,73.96,5.1,33.17,1,1,1441.1,1,34.55,0,normal,0
1/1/2024 0:03,3,76.73,4.25,31.67,1,1,1496.3,0,24.4,0,normal,0
1/1/2024 0:03,39,74.07,5.28,29.98,1,1,1062.6,0,33.69,0,degradation,1
1/1/2024 0:03,9,73.16,5.13,32.12,1,1,1388.9,0,22.92,0,normal,0
1/1/2024 0:03,43,87.46,5.25,36.04,1,1,1381.4,1,33.46,0,normal,0
1/1/2024 0:03,25,70.53,4.06,31.48,1,1,1539.5,1,36.01,0,normal,0
1/1/2024 0:03,26,108.67,4.47,32.17,1,1,1320.8,0,20.81,1,surge,1
1/1/2024 0:03,42,99.43,5.86,33.96,2,1,1541.5,0,25.82,1,surge,1
1/1/2024 0:03,34,69.18,4.18,30.02,1,1,1225,1,45.19,0,degradation,1
1/1/2024 0:03,34,74.4,4.3,32.4,0,0,0,0,11.91,0,normal,0
1/1/2024 0:03,3,68.3,5.31,32.12,1,0,0,1,20.81,0,normal,0
1/1/2024 0:03,11,81.51,4.17,30.57,0,0,0,1,33.05,0,degradation,1
1/1/2024 0:03,17,71.75,4.44,32.86,0,1,1229.2,1,33.59,0,normal,0
1/1/2024 0:03,43,73,4.5,36.89,1,1,1454.6,0,25.05,0,normal,0
1/1/2024 0:03,31,79.24,5.19,34.3,2,1,1337.6,0,25.51,0,normal,0
1/1/2024 0:03,40,72.59,4.3,31.32,1,1,1506.2,0,25.85,0,normal,0
1/1/2024 0:03,11,76.27,4.64,30.69,1,1,1011.6,0,32.08,1,degradation,1
1/1/2024 0:03,3,80.22,4.64,30.34,1,0,0,0,6.3,0,normal,0
1/1/2024 0:03,28,64.88,4.68,33.28,2,1,1485.4,1,33.77,0,normal,0
1/1/2024 0:03,40,67.95,3.59,30.13,1,1,1488.2,1,36.72,0,normal,0
1/1/2024 0:03,11,78.99,3.93,32.82,1,1,969.9,1,40.01,0,degradation,1
1/1/2024 0:03,43,92.92,5.53,32.2,1,1,1470.2,1,31.68,1,surge,1
1/1/2024 0:03,24,109.54,6.36,32.27,1,1,1491.5,1,31.3,1,surge,1
1/1/2024 0:03,33,70.92,4.52,27.75,1,1,1381.4,0,23.78,0,normal,0
1/1/2024 0:03,25,75.66,4.03,30.27,1,1,1439.3,1,37.01,0,normal,0
1/1/2024 0:03,6,70.2,4.54,30.63,1,1,1493.8,1,37.88,0,normal,0
1/1/2024 0:03,23,67.12,4.85,34.77,1,0,0,0,11.88,0,normal,0
1/1/2024 0:03,21,78.72,4.4,33.6,1,1,1382,1,32.86,0,normal,0
1/1/2024 0:03,44,108.21,5.59,32.07,1,0,0,1,19.26,1,surge,1
1/1/2024 0:03,32,69.94,4.27,32.56,1,1,1095.2,0,21.48,0,normal,0
1/1/2024 0:03,5,85.59,2.24,33.97,1,1,1380.3,1,38.94,1,blockage,1
1/1/2024 0:03,37,77.86,4.92,30.95,1,1,1015.9,1,50.55,0,degradation,1
1/1/2024 0:03,33,80.53,3.87,33.58,1,1,1450,0,23.06,0,normal,0
1/1/2024 0:03,27,98.75,6.12,32.21,1,0,0,0,11.37,1,surge,1
1/1/2024 0:03,50,78.53,4.53,29.16,1,1,1513.7,1,35.28,0,normal,0
1/1/2024 0:03,20,79.19,4.1,33.59,2,0,0,1,28.91,1,degradation,1
1/1/2024 0:03,44,76.92,5.04,32.43,1,0,0,1,25.14,1,degradation,1
1/1/2024 0:03,44,74.1,5.21,29.01,1,1,1322.1,0,25.88,0,normal,0
1/1/2024 0:03,22,77.66,4.36,27.19,2,1,1490.1,1,35.23,0,normal,0
1/1/2024 0:03,46,90.44,2.49,30.61,1,1,1500.8,1,36.75,1,blockage,1
1/1/2024 0:04,43,72.54,3.96,28.9,2,1,1512.2,1,33.05,0,normal,0
1/1/2024 0:04,2,85.11,4.55,33.99,1,0,0,1,19.21,0,normal,0
1/1/2024 0:04,29,67.62,4.12,32.49,1,0,0,0,12.22,0,normal,0
1/1/2024 0:04,17,72.55,3.75,32.23,1,0,0,0,5.8,0,normal,0
1/1/2024 0:04,25,75.14,5.6,32.08,0,1,1396.1,1,37.8,0,normal,0
1/1/2024 0:04,18,69.49,4.73,33.3,0,0,0,1,21.73,0,normal,0
1/1/2024 0:04,25,72.85,5.32,33.21,0,1,1446.8,0,20.78,0,normal,0
1/1/2024 0:04,22,79.37,4.43,30.36,2,0,0,1,19.05,0,normal,0
1/1/2024 0:04,47,71.97,3.84,32.07,0,1,1385.2,0,24.31,0,normal,0
1/1/2024 0:04,32,73.09,4.4,33.12,0,1,1256.9,0,21.75,0,normal,0
1/1/2024 0:04,39,73.91,4.12,33.94,1,1,1169.2,0,36.04,0,degradation,1
1/1/2024 0:04,12,93.44,5.33,36.39,1,1,1394.2,1,35.47,1,surge,1
1/1/2024 0:04,13,73.56,4.78,32.95,0,0,0,0,6.53,0,normal,0
1/1/2024 0:04,17,73.8,3.82,32.05,1,1,1244.7,0,27.78,1,degradation,1
1/1/2024 0:04,31,72.13,3.99,30.17,2,1,1344.6,0,24.56,0,normal,0
1/1/2024 0:04,40,78.42,4.38,33.26,1,0,0,1,15.48,0,normal,0
1/1/2024 0:04,5,75.49,3.88,30.97,1,0,0,1,17.93,0,normal,0
1/1/2024 0:04,24,95.71,2.75,33.11,1,1,1476,0,23.46,1,blockage,1
1/1/2024 0:04,29,70.77,4.21,31.25,0,1,916.6,1,42.62,1,degradation,1
1/1/2024 0:04,46,73.92,4.46,32.73,1,1,1314.8,1,30.79,0,normal,0
1/1/2024 0:04,36,81.74,7.53,33.29,1,0,0,0,9.8,1,surge,1
1/1/2024 0:04,47,81.09,4.95,33.49,1,1,1359.2,1,33.35,0,normal,0
1/1/2024 0:04,29,74.45,4.41,29.27,0,1,1500.4,1,33.62,0,normal,0
1/1/2024 0:04,25,73.32,4.43,30.34,1,1,1574.4,1,37.9,0,normal,0
1/1/2024 0:04,10,67.85,4.81,33.91,1,1,1220.3,0,22.11,0,normal,0
1/1/2024 0:04,13,77.58,4.43,32.42,1,1,1415.4,1,37.65,0,normal,0
1/1/2024 0:04,33,78.38,4.47,34.83,0,1,1340.2,1,35.06,0,normal,0
1/1/2024 0:04,6,80.42,3.56,30.49,0,0,0,0,10.5,0,normal,0
1/1/2024 0:04,13,69.95,3.62,33.82,1,1,1386.9,1,33.48,0,normal,0
1/1/2024 0:04,29,72.48,4.19,35,1,0,0,1,19.93,0,normal,0
1/1/2024 0:04,8,78.51,4.63,32.49,1,1,1512.2,1,35.88,0,normal,0
1/1/2024 0:04,45,77.86,4.13,34.45,2,1,1008,1,50.44,1,degradation,1
1/1/2024 0:04,31,75.7,4.24,29.95,0,1,1339.3,1,30.98,0,normal,0
1/1/2024 0:04,45,72.26,4.28,29.92,2,1,1449.9,0,25.89,0,normal,0
1/1/2024 0:04,44,69.78,2.43,32.41,1,0,0,0,12.19,1,leak,1
1/1/2024 0:04,38,73.65,4.71,33.46,2,0,0,1,21.4,0,degradation,1
1/1/2024 0:04,2,76.73,5.33,29.45,0,0,0,1,23.38,1,degradation,1
1/1/2024 0:04,3,76.12,4.46,29.45,1,1,1494.8,1,35.57,0,normal,0
1/1/2024 0:04,37,82.15,4.41,32.99,2,0,0,1,17.89,0,normal,0
1/1/2024 0:04,6,75.88,4.25,28.96,1,1,1491.9,1,33.79,0,normal,0
1/1/2024 0:04,5,67.05,4.94,35.01,1,1,1376.1,1,35.2,0,normal,0
1/1/2024 0:04,30,69.68,4.54,32.56,1,0,0,1,19.57,0,normal,0
1/1/2024 0:04,32,77.37,3.67,31.71,1,1,1131.6,0,25.27,1,degradation,1
1/1/2024 0:04,36,79.9,4.25,33.71,1,0,0,1,34.64,1,degradation,1
1/1/2024 0:04,25,65.09,4.64,33.43,1,1,1457.9,1,34.09,0,normal,0
1/1/2024 0:04,22,49.19,3.01,29.08,1,1,1534.4,1,35.49,1,leak,1
1/1/2024 0:04,8,74.97,4.5,32.83,1,1,1334.9,0,21.96,0,normal,0
1/1/2024 0:04,21,78.51,4.17,31.48,1,0,0,1,32.36,0,degradation,1
1/1/2024 0:04,37,66.94,3.67,32.95,0,1,1297.4,1,33.45,0,normal,0
1/1/2024 0:04,24,57.19,2.24,30.33,1,0,0,0,10.17,1,leak,1
1/1/2024 0:04,12,82.19,1.59,33.57,1,1,1170.1,1,28.57,1,blockage,1
1/1/2024 0:04,3,59.17,3.53,32.06,1,1,1499.9,1,35.09,1,leak,1
1/1/2024 0:04,45,78.19,4.17,30.58,2,1,1449.8,1,35.86,0,normal,0
1/1/2024 0:04,9,64.07,3.8,34.28,1,0,0,0,10.53,1,leak,1
1/1/2024 0:04,48,69.65,5.55,30.82,1,1,999.2,1,45.43,0,degradation,1
1/1/2024 0:04,28,75.07,5.06,35.76,1,1,1153.5,0,22.97,0,normal,0
1/1/2024 0:04,33,83.44,3.97,33.57,1,1,1419.6,1,35.25,0,normal,0
1/1/2024 0:04,32,84.33,3.97,30.87,1,0,0,1,21.05,0,normal,0
1/1/2024 0:04,16,103.15,2.08,29.3,1,1,1503.8,1,30.81,1,blockage,1
1/1/2024 0:04,44,68.87,5.12,29.49,0,1,1426.1,1,34.33,0,normal,0
1/1/2024 0:05,18,87.23,4.46,32.49,1,0,0,1,30.61,0,degradation,1
1/1/2024 0:05,38,74.94,4.35,31.26,1,1,1112.2,0,27.81,0,degradation,1
1/1/2024 0:05,46,78.15,3.64,32.4,0,1,1343.5,0,24.68,0,normal,0
1/1/2024 0:05,28,74.54,4.82,31.79,0,1,1654.5,1,34.59,0,normal,0
1/1/2024 0:05,44,76.62,4.19,35.91,1,1,1334.4,1,35.33,0,normal,0
1/1/2024 0:05,42,90.92,1.26,34.48,1,1,1504.2,0,27.22,1,blockage,1
1/1/2024 0:05,16,74.83,3.42,32.69,2,1,1419.1,0,24.88,0,normal,0
1/1/2024 0:05,49,83.68,5.5,30.63,2,1,1378.9,1,31.27,0,normal,0
1/1/2024 0:05,49,70.22,5.38,34.23,2,1,1534.5,1,32.17,0,normal,0
1/1/2024 0:05,28,76.26,4.83,31.36,1,0,0,1,21.31,0,normal,0
1/1/2024 0:05,30,100.92,5.23,31.9,1,0,0,0,9.34,1,surge,1
1/1/2024 0:05,42,77.38,4.23,29.91,0,1,1172.3,1,49.31,0,degradation,1
1/1/2024 0:05,16,78.21,4.9,31.79,0,1,1279.2,0,39.88,1,degradation,1
1/1/2024 0:05,50,68.95,5,30.5,1,0,0,0,11.91,0,degradation,1
1/1/2024 0:05,17,73.2,4.69,32.42,1,1,1494.4,1,34.33,0,normal,0
1/1/2024 0:05,50,71.62,3.69,34.28,2,1,1255.5,1,33.62,0,normal,0
1/1/2024 0:05,40,88.82,4.51,33.52,0,1,1505.1,1,33.88,0,normal,0
1/1/2024 0:05,29,73.56,4.13,33.29,1,0,0,0,10.78,0,normal,0
1/1/2024 0:05,15,83.37,4.56,32.89,1,1,1023.2,1,46.27,1,degradation,1
1/1/2024 0:05,42,64.75,4.64,33.66,1,1,1352.3,1,33.96,0,normal,0
1/1/2024 0:05,6,64.71,2.9,31.62,0,1,1474.2,1,35.58,1,leak,1
1/1/2024 0:05,7,54.78,2.56,33.54,2,1,1309.7,0,24.46,1,leak,1
1/1/2024 0:05,45,80.79,4.45,32.74,1,1,1097.1,1,45.23,0,degradation,1
1/1/2024 0:05,4,64.65,4.79,30.34,1,1,1552.1,1,33.44,0,normal,0
1/1/2024 0:05,31,77.69,4.11,30.65,1,1,1573.6,0,24.9,0,normal,0
1/1/2024 0:05,23,82.65,4.58,30.93,0,1,1262.8,1,48.99,0,degradation,1
1/1/2024 0:05,2,76.37,4.95,30.86,1,1,1250.8,0,31.23,0,degradation,1
1/1/2024 0:05,45,78.57,4.21,32.23,1,0,0,1,25.1,1,degradation,1
1/1/2024 0:05,22,74.83,4.45,31.96,1,0,0,0,11.61,0,normal,0
1/1/2024 0:05,14,106.89,2.03,32.42,0,1,1387.4,1,31.85,1,blockage,1
1/1/2024 0:05,2,73.61,4.52,32.59,1,1,1498.2,0,25.82,0,normal,0
1/1/2024 0:05,26,75.77,4.83,29.99,1,1,1574.4,0,26,0,normal,0
1/1/2024 0:05,12,63.43,2.39,32.42,0,0,0,1,19.12,1,leak,1
1/1/2024 0:05,35,62.58,2.96,29.42,1,0,0,1,21.93,1,leak,1
1/1/2024 0:05,22,76.44,4.68,30.51,2,1,1259.8,0,20.01,0,normal,0
1/1/2024 0:05,18,76.14,4.04,33.27,1,1,1445.3,0,25.03,0,normal,0
1/1/2024 0:05,4,114.52,5.16,31.8,2,0,0,1,20.01,1,surge,1
1/1/2024 0:05,25,65.27,3.62,32.92,2,1,1156.4,1,43.27,1,degradation,1
1/1/2024 0:05,13,82.09,4.92,33.86,1,1,1437.5,0,26.55,0,normal,0
1/1/2024 0:05,36,78.78,5,30.39,0,0,0,1,18.97,0,normal,0
1/1/2024 0:05,22,79.28,4.59,30.45,0,0,0,0,12.02,0,normal,0
1/1/2024 0:05,30,69.76,4.88,31.24,1,1,1616.8,1,31.94,0,normal,0
1/1/2024 0:05,19,79.01,4.8,28.89,1,1,1529.1,0,29.12,0,normal,0
1/1/2024 0:05,21,56.89,2.74,33.01,1,1,1249.6,1,28.64,1,leak,1
1/1/2024 0:05,42,77.94,4.86,35.32,1,0,0,1,19.72,0,normal,0
1/1/2024 0:05,43,77.18,4.75,31.87,1,1,1353.9,1,34.92,0,normal,0
1/1/2024 0:05,46,66.7,4.73,32.79,2,1,1420.7,0,25.79,0,normal,0
1/1/2024 0:05,1,72.71,5.62,32.2,1,1,997.4,1,49.29,1,degradation,1
1/1/2024 0:05,42,72.07,4.83,34.68,1,1,1361.2,1,31.48,0,normal,0
1/1/2024 0:05,14,62.37,3.98,30.59,0,0,0,0,15.2,1,leak,1
1/1/2024 0:05,34,78.89,5.19,30.31,1,1,1185.2,1,54.56,0,degradation,1
1/1/2024 0:05,6,73.58,5.14,34.24,2,0,0,1,24.42,0,degradation,1
1/1/2024 0:05,37,68.28,4.7,31.7,1,1,1302.1,0,23.12,0,normal,0
1/1/2024 0:05,9,74.58,5.02,35.19,0,1,1035.2,1,42.83,1,degradation,1
1/1/2024 0:05,13,61,3.8,25.92,1,1,1457.6,1,34.6,1,leak,1
1/1/2024 0:05,1,66.83,4.41,33.96,1,0,0,1,19.49,0,normal,0
1/1/2024 0:05,22,70.81,4.87,29.25,1,0,0,1,21.98,0,normal,0
1/1/2024 0:05,48,66.13,4.79,32.63,1,0,0,0,7.11,0,normal,0
1/1/2024 0:05,22,76.15,4.66,31.61,2,0,0,1,21.24,0,normal,0
1/1/2024 0:05,18,79.62,5.19,35.27,1,1,1443.6,0,24.44,0,normal,0
1/1/2024 0:06,33,84.18,5.26,31.22,1,0,0,1,19.89,0,degradation,1
1/1/2024 0:06,46,74.45,4.38,30.94,0,1,1235.6,0,34.73,1,degradation,1
1/1/2024 0:06,45,67.26,4.1,31.6,1,1,1314.5,1,33.47,0,normal,0
1/1/2024 0:06,26,69.18,4.35,32.22,1,1,1097.5,0,34.55,1,degradation,1
1/1/2024 0:06,3,75.6,4.84,31.34,1,0,0,0,6.34,0,normal,0
1/1/2024 0:06,15,77.52,4.62,31.77,1,0,0,1,19.62,0,normal,0
1/1/2024 0:06,29,86.63,2.23,31.97,1,0,0,0,12.74,1,blockage,1
1/1/2024 0:06,10,66.85,3.93,34.47,1,1,1346.2,0,21.01,0,normal,0
1/1/2024 0:06,11,73.67,3.97,32.07,1,1,1502.6,0,22.12,0,normal,0
1/1/2024 0:06,22,81.38,4.35,30.25,1,0,0,1,19.42,0,normal,0
1/1/2024 0:06,7,83.93,4.52,33.14,1,1,1279.4,1,31.57,0,normal,0
1/1/2024 0:06,39,81.2,5.4,31.24,1,1,1329.8,0,24.15,0,normal,0
1/1/2024 0:06,23,79.71,4.32,30.55,1,0,0,0,8.76,0,normal,0
1/1/2024 0:06,5,67.79,4.91,33.1,0,1,1526.2,1,38.82,0,normal,0
1/1/2024 0:06,43,74.9,5.12,33.16,1,0,0,1,21.43,0,normal,0
1/1/2024 0:06,13,104.34,5.98,30.22,2,0,0,1,18.27,1,surge,1
1/1/2024 0:06,42,61.79,3.51,32.58,1,0,0,1,21.3,1,leak,1
1/1/2024 0:06,12,68.14,4.21,31.6,1,1,1258.7,1,32.3,0,normal,0
1/1/2024 0:06,27,102.98,5.36,36.48,1,1,1386.6,0,26.26,1,surge,1
1/1/2024 0:06,18,68.5,4.39,29.47,1,1,1286.3,0,21.46,0,normal,0
1/1/2024 0:06,22,82.71,4.61,33.33,1,1,1472.9,0,23.84,0,normal,0
1/1/2024 0:06,17,72.72,3.95,30.26,1,0,0,1,21.09,0,normal,0
1/1/2024 0:06,2,80.85,4.26,35.31,0,1,1254.1,0,29.29,0,degradation,1
1/1/2024 0:06,5,74.19,4.18,29.86,0,0,0,0,8.61,0,normal,0
1/1/2024 0:06,50,76.77,4.35,31.33,2,1,1512.1,1,35.45,0,normal,0
1/1/2024 0:06,36,74.5,5.09,32.36,1,1,1281.7,1,32.31,0,normal,0
1/1/2024 0:06,40,98.6,6.1,30.29,0,0,0,0,8.16,1,surge,1
1/1/2024 0:06,50,79.9,4.6,29.4,0,1,1365.9,1,32.85,0,normal,0
1/1/2024 0:06,36,79.88,4.21,36.52,0,1,1127.4,1,49.53,0,degradation,1
1/1/2024 0:06,23,94.01,5.57,31.78,1,0,0,1,21.8,1,surge,1
1/1/2024 0:06,44,89.82,1.53,31.91,1,0,0,1,20.7,1,blockage,1
1/1/2024 0:06,3,73.98,5.57,28.37,1,0,0,1,17.95,0,normal,0
1/1/2024 0:06,10,71.25,5.12,31.58,0,1,1518.5,0,23.63,0,normal,0
1/1/2024 0:06,36,78.73,4,28.86,1,0,0,1,20.65,0,normal,0
1/1/2024 0:06,36,76.13,4.08,34.54,2,1,1091.7,1,28.1,0,normal,0
1/1/2024 0:06,5,77.5,4.75,31.84,1,1,1479.6,0,26.57,0,normal,0
1/1/2024 0:06,28,71.85,4.75,36.49,1,1,1255.8,1,32.53,0,normal,0
1/1/2024 0:06,21,78.3,4.29,34.18,1,1,1429.1,1,37.5,0,normal,0
1/1/2024 0:06,22,81.55,4.44,32.39,1,1,1353.7,0,26,0,normal,0
1/1/2024 0:06,17,72.44,4.83,28.93,1,0,0,1,21.63,0,normal,0
1/1/2024 0:06,19,76.14,4.62,32.07,1,1,994.2,0,29.13,0,degradation,1
1/1/2024 0:06,35,78.06,3.79,35.12,1,1,1405.2,0,24.85,0,normal,0
1/1/2024 0:06,42,88.25,4.86,34.4,1,0,0,0,12.96,1,surge,1
1/1/2024 0:06,32,75,4.7,31.25,1,0,0,0,9.19,0,normal,0
1/1/2024 0:06,17,65.41,4.07,30.06,0,1,1359.9,0,22.09,0,normal,0
1/1/2024 0:06,16,76.95,4.89,28.1,1,0,0,1,18.88,0,normal,0
1/1/2024 0:06,29,56.67,1.93,33.72,2,1,1584.9,1,38.06,1,leak,1
1/1/2024 0:06,47,74.28,5.07,32.13,1,1,969.9,1,46.67,1,degradation,1
1/1/2024 0:06,12,75.22,5.04,29.24,1,1,1475,1,34.29,0,normal,0
1/1/2024 0:06,35,76.85,5.09,31.49,2,0,0,0,11.2,0,normal,0
1/1/2024 0:06,17,70.35,4.17,31.66,1,1,1035.2,0,32.64,0,degradation,1
1/1/2024 0:06,5,72.21,5.38,29.43,1,0,0,0,15.74,1,degradation,1
1/1/2024 0:06,50,75.75,4.61,31.75,0,0,0,1,25.03,0,normal,0
1/1/2024 0:06,3,94.95,7.06,31.99,1,0,0,0,11.25,1,surge,1
1/1/2024 0:06,42,69.74,4.32,29.3,1,1,1399.4,1,35.16,0,normal,0
1/1/2024 0:06,14,79.08,5.16,28.11,1,1,1507.6,1,35.11,0,normal,0
1/1/2024 0:06,47,61.18,3,31.8,0,1,1261.2,0,21.64,1,leak,1
1/1/2024 0:06,22,75.36,4.35,31.15,1,0,0,1,24.45,1,degradation,1
1/1/2024 0:06,23,72.96,5.47,28.73,0,0,0,1,19.84,0,normal,0
1/1/2024 0:06,30,77.1,5.1,33.3,1,1,1521.6,1,33.85,0,normal,0
1/1/2024 0:07,40,86.77,1.13,33.07,2,1,1264.6,1,32.11,1,blockage,1
1/1/2024 0:07,44,100.78,6.72,31.31,1,1,1378.8,1,33.04,1,surge,1
1/1/2024 0:07,17,77.91,4.11,32.8,1,1,963.8,0,30.78,0,degradation,1
1/1/2024 0:07,27,80.19,3.52,31.61,1,1,1569.3,0,24.13,0,normal,0
1/1/2024 0:07,19,72.07,4.77,28.37,1,1,1034.3,1,41.92,0,degradation,1
1/1/2024 0:07,38,103.48,5.37,35.19,1,1,1404.9,0,25.56,1,surge,1
1/1/2024 0:07,11,68.79,4.88,31.17,1,0,0,1,22.16,0,degradation,1
1/1/2024 0:07,9,87.56,1.48,32.18,0,1,1278.1,1,28.21,1,blockage,1
1/1/2024 0:07,33,70.73,5.11,29.47,1,1,1137.4,1,41.92,1,degradation,1
1/1/2024 0:07,34,74.89,4.55,32.44,1,1,1571.1,1,38.2,0,normal,0
1/1/2024 0:07,10,70.45,4.07,29.23,1,0,0,0,13.48,1,degradation,1
1/1/2024 0:07,3,69.03,4.23,29.54,1,1,1401.9,0,24.51,0,normal,0
1/1/2024 0:07,32,72.88,3.88,33.24,0,0,0,1,22.35,0,normal,0
1/1/2024 0:07,34,71.47,3.59,34.66,1,1,1211,1,36.69,0,normal,0
1/1/2024 0:07,20,65.66,4.7,33.18,1,1,1513.8,1,35.39,0,normal,0
1/1/2024 0:07,12,74.78,4.33,33.28,1,0,0,1,21.51,0,normal,0
1/1/2024 0:07,43,95.7,4.45,34.46,1,1,1310.6,1,32.77,1,surge,1
1/1/2024 0:07,32,76.2,4.79,32.21,1,1,1425.6,1,33.15,0,normal,0
1/1/2024 0:07,15,72.22,3.74,27.08,1,0,0,1,21.28,0,normal,0
1/1/2024 0:07,30,75.35,5.04,34.83,1,1,1403.8,0,24.78,0,normal,0
1/1/2024 0:07,26,63.91,4.21,34.38,1,1,1141.5,0,28.55,0,degradation,1
1/1/2024 0:07,16,72.79,4.5,32.04,1,0,0,1,17.54,0,normal,0
1/1/2024 0:07,50,71.33,4.78,34.16,0,1,1407.1,0,24.37,0,normal,0
1/1/2024 0:07,30,83.99,4.49,30.83,0,0,0,1,27.47,1,degradation,1
1/1/2024 0:07,36,55.5,3.02,31.55,1,1,1297.8,1,33.57,1,leak,1
1/1/2024 0:07,41,76.07,4.04,31.96,1,0,0,0,11.29,0,normal,0
1/1/2024 0:07,27,67.06,4.3,33.5,2,1,1206,1,35.83,0,normal,0
1/1/2024 0:07,20,95.68,1.02,32.97,1,0,0,0,10.22,1,blockage,1
1/1/2024 0:07,43,77.45,4.39,28.18,1,0,0,1,22.89,0,normal,0
1/1/2024 0:07,8,84.22,4.63,33.12,0,1,1447,1,33.61,0,normal,0
1/1/2024 0:07,31,76.18,4.1,29.7,1,1,1309.4,1,31.89,0,normal,0
1/1/2024 0:07,33,77.13,3.98,31.54,1,0,0,0,9.64,0,normal,0
1/1/2024 0:07,46,82.21,3.93,32.31,1,0,0,1,17.72,0,normal,0
1/1/2024 0:07,16,73.28,3.81,32.69,0,0,0,1,18.96,0,normal,0
1/1/2024 0:07,41,68.77,5.27,31.89,1,1,1459.1,1,37.74,0,normal,0
1/1/2024 0:07,45,89.83,5.05,32.79,1,0,0,0,8.54,1,surge,1
1/1/2024 0:07,9,72.76,4.08,32.74,1,0,0,0,8.8,0,normal,0
1/1/2024 0:07,32,64.18,4,34.9,2,1,1405.3,1,30.91,0,normal,0
1/1/2024 0:07,17,78.74,4.04,32.44,0,1,1635.9,1,38.3,0,normal,0
1/1/2024 0:07,8,74.68,4.08,33.33,1,1,1328.5,1,31.78,0,normal,0
1/1/2024 0:07,32,69.17,4.75,31.85,1,1,1439.4,0,25.92,0,normal,0
1/1/2024 0:07,22,83.62,4.88,32.34,1,1,1655.7,0,27.2,0,normal,0
1/1/2024 0:07,16,98.47,5.21,32.95,1,1,1170.7,1,31.27,1,surge,1
1/1/2024 0:07,33,75.08,4.32,29.24,1,0,0,1,20.87,0,normal,0
1/1/2024 0:07,16,74.66,4.97,30.67,0,1,1382.4,1,32.82,0,normal,0
1/1/2024 0:07,30,75.35,4.62,35.25,1,1,1382.4,0,22.63,0,normal,0
1/1/2024 0:07,44,70.19,4.55,30.71,1,1,1315.6,0,23.52,0,normal,0
1/1/2024 0:07,48,66.49,4.88,34.54,1,1,1189.9,0,23.27,0,normal,0
1/1/2024 0:07,25,62.49,3.49,32.36,1,0,0,0,9.76,0,normal,0
1/1/2024 0:07,15,81.24,4.55,32.03,1,1,1202.2,1,41.71,1,degradation,1
1/1/2024 0:07,5,79.66,4.34,31.41,0,1,1548.9,1,34.58,0,normal,0
1/1/2024 0:07,30,80.58,4.66,32.14,1,0,0,1,21.29,0,normal,0
1/1/2024 0:07,6,71.57,4.59,32.61,0,1,1404,1,37.65,0,normal,0
1/1/2024 0:07,48,70.88,5.26,34.78,1,0,0,0,6.54,0,normal,0
1/1/2024 0:07,35,76.61,4.89,31.04,2,1,1357.4,1,36.23,0,normal,0
1/1/2024 0:07,17,86.28,4.18,33.57,0,1,1552.5,1,37.11,0,normal,0
1/1/2024 0:07,3,57.44,2.82,31.34,1,1,1441.1,1,33.01,1,leak,1
1/1/2024 0:07,36,80.44,4.07,31.64,1,1,1179.2,0,37.49,0,degradation,1
1/1/2024 0:07,12,51.36,2.89,34.57,2,0,0,0,12.61,1,leak,1
1/1/2024 0:07,2,75.69,4.66,31.73,1,1,1170.8,1,31.77,0,normal,0
1/1/2024 0:08,39,68.8,4.84,34.43,1,1,1413.8,1,31.61,0,normal,0
1/1/2024 0:08,50,81.01,5.06,33.57,1,1,1333.1,1,33.97,0,normal,0
1/1/2024 0:08,50,68,3.95,30.52,1,1,1226.6,1,30.61,0,normal,0
1/1/2024 0:08,21,77.56,4.68,33.29,1,1,1323.2,1,32.39,0,normal,0
1/1/2024 0:08,36,68.14,4.2,31.19,1,0,0,0,8.12,0,normal,0
1/1/2024 0:08,22,95.83,1.87,32.05,1,1,1507.4,1,35.79,1,blockage,1
1/1/2024 0:08,11,59.57,2.63,34.17,1,1,1288.7,1,35.76,1,leak,1
1/1/2024 0:08,31,73.27,5.85,32.37,1,1,1419.5,1,31.11,0,normal,0
1/1/2024 0:08,6,59.89,3.8,33.36,1,1,1373.8,1,32.52,1,leak,1
1/1/2024 0:08,8,82.59,4.68,32.61,1,1,1562.1,1,33.16,0,normal,0
1/1/2024 0:08,18,65.6,3.67,36.28,1,1,1498.5,1,36.91,0,normal,0
1/1/2024 0:08,42,96.19,6.16,29.76,1,1,1335,1,34.24,1,surge,1
1/1/2024 0:08,35,76.9,4.72,33.42,1,1,1438.6,0,20.88,0,normal,0
1/1/2024 0:08,24,72.09,3.49,30.29,1,1,1254.5,0,21.75,0,normal,0
1/1/2024 0:08,35,77.32,4.72,32.18,2,1,1010.9,1,44.02,0,degradation,1
1/1/2024 0:08,39,67.94,4.87,31.47,1,0,0,0,6.9,0,normal,0
1/1/2024 0:08,28,73.33,4.82,29.94,1,0,0,1,29.15,0,degradation,1
1/1/2024 0:08,15,76.85,5.27,29.6,2,0,0,1,20.89,0,normal,0
1/1/2024 0:08,48,78.83,4.26,32.8,2,1,1505.5,0,27.13,0,normal,0
1/1/2024 0:08,5,78.96,3.98,35.37,1,1,1429.3,1,36.06,0,normal,0
1/1/2024 0:08,21,103.49,5.87,34.65,1,1,1452.6,1,33.49,1,surge,1
1/1/2024 0:08,37,75.29,4.53,30.98,1,0,0,1,16.89,0,normal,0
1/1/2024 0:08,27,105.48,1.99,29.72,1,0,0,1,21.27,1,blockage,1
1/1/2024 0:08,20,71.26,6.15,32.43,2,1,1308.3,1,31.12,0,normal,0
1/1/2024 0:08,24,73.99,4.69,34.34,1,1,1315.3,1,32.74,0,normal,0
1/1/2024 0:08,18,78.53,4.62,32.66,1,1,1205.3,0,31.19,0,degradation,1
1/1/2024 0:08,6,71.65,4.63,32.06,1,0,0,0,10.54,0,normal,0
1/1/2024 0:08,24,75.97,3.66,33.24,1,0,0,1,18.5,0,normal,0
1/1/2024 0:08,6,96.9,4.74,30.32,2,0,0,1,18.74,1,surge,1
1/1/2024 0:08,15,75.93,4.47,32.59,0,1,1377.7,0,21.99,0,normal,0
1/1/2024 0:08,5,77.6,5.61,32.05,1,1,1405.5,0,23.93,0,normal,0
1/1/2024 0:08,47,79.19,4.19,36.42,1,1,1350.9,1,32.86,0,normal,0
1/1/2024 0:08,7,78.74,3.97,31.31,0,1,1394.6,1,34.8,0,normal,0
1/1/2024 0:08,19,72.83,3.8,31.52,1,1,1346.6,1,32.01,0,normal,0
1/1/2024 0:08,14,76.5,4.37,27.84,1,1,1159.6,0,21.1,0,normal,0
1/1/2024 0:08,17,66.13,4.01,34.32,1,1,1374.1,0,26.09,0,normal,0
1/1/2024 0:08,47,68.72,3.34,34.43,0,0,0,0,11.41,0,degradation,1
1/1/2024 0:08,36,72.81,4.7,31.92,1,0,0,0,12.46,0,normal,0
1/1/2024 0:08,32,81.13,4.72,37.92,0,1,1481.7,1,32.91,0,normal,0
1/1/2024 0:08,1,77.6,3.82,33.34,1,1,1370.2,0,23.56,0,normal,0
1/1/2024 0:08,18,83.77,4.69,31.63,2,1,1312.5,0,24.82,0,normal,0
1/1/2024 0:08,4,74.01,4.02,32.78,1,1,1356.2,0,20.45,0,normal,0
1/1/2024 0:08,43,64.53,4.61,31.93,1,0,0,1,23.06,0,normal,0
1/1/2024 0:08,39,62.04,2.08,33.63,1,0,0,1,18.1,1,leak,1
1/1/2024 0:08,9,103.27,6.22,30.77,1,1,1473.6,1,35.48,1,surge,1
1/1/2024 0:08,10,75.55,3.36,31.94,1,0,0,1,16.49,0,normal,0
1/1/2024 0:08,30,84.03,4.6,32.23,1,0,0,1,23.5,0,normal,0
1/1/2024 0:08,35,70.99,4.44,32.11,2,1,1356.5,1,39.31,0,normal,0
1/1/2024 0:08,34,72.54,4.47,30.6,2,1,1474.5,1,33.2,0,normal,0
1/1/2024 0:08,18,56.85,2.16,31.46,0,0,0,1,18.66,1,leak,1
1/1/2024 0:08,25,72.28,4.48,33.45,1,1,1222.1,0,21.97,0,normal,0
1/1/2024 0:08,1,82.73,4.58,32.02,1,0,0,0,12.59,0,degradation,1
1/1/2024 0:08,36,71.72,5.5,30.82,0,1,1366.2,0,22.19,0,normal,0
1/1/2024 0:08,3,100.29,5.24,28.16,1,1,1317.4,1,31.3,1,surge,1
1/1/2024 0:08,47,76.89,4.61,33.51,1,0,0,1,16.32,0,normal,0
1/1/2024 0:08,40,78.61,3.9,34.64,2,0,0,1,24.63,0,normal,0
1/1/2024 0:08,1,68.8,4.33,28.27,2,1,1402.1,0,20.93,0,normal,0
1/1/2024 0:08,43,74.73,4.22,36.5,1,0,0,0,15.11,0,degradation,1
1/1/2024 0:08,17,94.35,4.8,32.15,0,1,1409.4,0,23.06,1,surge,1
1/1/2024 0:08,49,57.8,2.72,31.14,1,1,1391.5,1,30.98,1,leak,1
1/1/2024 0:09,32,94.3,1.17,34.23,1,0,0,1,20.76,1,blockage,1
1/1/2024 0:09,50,75.19,3.86,29.06,1,1,1296.4,0,21.71,0,normal,0
1/1/2024 0:09,30,59.3,2.23,35.46,0,1,1448.9,1,34.66,1,leak,1
1/1/2024 0:09,38,76.55,4.44,30.06,1,1,1407.9,1,31.58,0,normal,0
1/1/2024 0:09,41,84.95,5.03,30.19,1,0,0,1,20.91,0,normal,0
1/1/2024 0:09,11,77.38,5.33,33.03,1,0,0,0,9.99,0,normal,0
1/1/2024 0:09,21,78.01,5.53,33.6,0,1,1298.7,1,34.83,0,normal,0
1/1/2024 0:09,50,52.48,3.04,32.61,2,1,1350.5,1,33.22,1,leak,1
1/1/2024 0:09,21,89.19,5.72,33.21,1,1,1438,1,34.34,1,surge,1
1/1/2024 0:09,36,69.91,4.44,32.61,0,1,1505.1,0,24.45,0,normal,0
1/1/2024 0:09,34,73.89,4.18,27.85,0,1,1366.4,0,28.5,0,normal,0
1/1/2024 0:09,50,82.45,4.96,32.84,1,0,0,0,13.88,0,normal,0
1/1/2024 0:09,43,79.95,3.39,28.08,1,1,1274.8,1,34.25,0,normal,0
1/1/2024 0:09,30,69.79,4.52,35.36,1,1,1368.3,1,28.82,0,normal,0
1/1/2024 0:09,43,65.16,2.29,34.59,1,1,1325,1,36.18,1,leak,1
1/1/2024 0:09,46,67.2,4.79,33.75,0,1,1033.5,0,30.22,0,degradation,1
1/1/2024 0:09,23,102.99,2.85,34.14,1,1,1259.7,0,24.65,1,blockage,1
1/1/2024 0:09,45,71.6,5.33,31.75,1,1,1373.9,1,38.65,0,normal,0
1/1/2024 0:09,28,75.68,4.26,32.52,1,1,1454.2,0,25.92,0,normal,0
1/1/2024 0:09,49,80.21,5.01,32.78,0,1,1382.1,0,26.04,0,normal,0
1/1/2024 0:09,44,71.39,3.88,31.94,0,1,1419.3,0,22.68,0,normal,0
1/1/2024 0:09,5,75.09,4.58,29.48,1,0,0,1,23.34,0,normal,0
1/1/2024 0:09,37,83.57,3.85,34.26,1,0,0,1,18.27,0,normal,0
1/1/2024 0:09,22,73.05,4.23,30.69,1,1,1394.6,0,23.31,0,normal,0
1/1/2024 0:09,15,69.55,4.22,30.58,1,1,1133.6,1,44.81,0,degradation,1
1/1/2024 0:09,34,73.65,4.61,34.24,0,1,1097.6,1,50.99,0,degradation,1
1/1/2024 0:09,19,73.48,4.46,31.51,1,0,0,1,17.06,0,normal,0
1/1/2024 0:09,5,74.95,4.66,32.31,0,1,1389,0,22.97,0,normal,0
1/1/2024 0:09,23,69.6,4.23,33.19,1,1,1520.8,0,25.39,0,normal,0
1/1/2024 0:09,4,88.87,5.28,29.46,1,1,1238.4,0,21.53,1,surge,1
1/1/2024 0:09,22,94.46,5.56,33.55,1,0,0,0,10.46,1,surge,1
1/1/2024 0:09,34,81.44,3.41,31.76,1,1,1285.4,1,32.48,0,normal,0
1/1/2024 0:09,23,73.05,3.82,34.3,1,1,1281.9,1,29.24,0,normal,0
1/1/2024 0:09,47,73.57,5.28,31.44,1,1,1417.9,0,25.72,0,normal,0
1/1/2024 0:09,30,82.5,4.7,35.93,1,1,1269,1,31.5,0,normal,0
1/1/2024 0:09,3,67.62,4.59,30.84,1,1,1338.4,0,21.78,0,normal,0
1/1/2024 0:09,15,72.57,3.96,33.73,1,1,965.3,1,43.87,1,degradation,1
1/1/2024 0:09,14,76.67,4.6,30.46,1,1,1380.2,1,33.03,0,normal,0
1/1/2024 0:09,29,78.87,4.21,29.7,1,1,1388.2,0,23.61,0,normal,0
1/1/2024 0:09,8,80.17,5.02,33.53,1,1,1395.2,1,33.05,0,normal,0
1/1/2024 0:09,7,75.86,4.03,30.24,1,0,0,1,20.51,0,normal,0
1/1/2024 0:09,13,70.18,4.51,31.38,1,0,0,0,12.44,0,normal,0
1/1/2024 0:09,8,69.35,3.53,30.55,1,0,0,1,20.11,0,normal,0
1/1/2024 0:09,49,59.08,2.41,34.58,1,1,1623.7,0,24.32,1,leak,1
1/1/2024 0:09,20,77.1,4.58,31.96,1,1,1376.3,0,27.4,0,normal,0
1/1/2024 0:09,14,68.64,4.23,31.05,0,1,1434.1,1,33.43,0,normal,0
1/1/2024 0:09,33,88.1,4.26,33.38,2,1,1441.1,1,35.56,0,normal,0
1/1/2024 0:09,12,74.61,5.68,31.87,1,0,0,0,12.05,0,normal,0
1/1/2024 0:09,43,68.84,3.77,31.96,1,1,1639.8,1,38.51,0,normal,0
1/1/2024 0:09,1,79.18,4.18,37.72,1,1,1278.9,1,32.86,0,normal,0
1/1/2024 0:09,29,62.33,3.2,35.55,1,1,1327.3,1,35.98,1,leak,1
1/1/2024 0:09,17,77.68,5.13,32.02,1,1,1312.5,1,31.48,0,normal,0
1/1/2024 0:09,20,76.69,4.71,30.94,1,1,1348.4,0,23.93,0,normal,0
1/1/2024 0:09,37,74.6,4.64,29.18,1,1,1678.8,1,37.78,0,normal,0
1/1/2024 0:09,9,75.3,5.19,31.28,0,1,1387.9,1,37.12,0,normal,0
1/1/2024 0:09,40,79.03,5.2,31.83,1,0,0,0,8.9,0,normal,0
1/1/2024 0:09,29,86.28,5.12,31.37,1,1,1163.5,0,20.53,0,normal,0
1/1/2024 0:09,2,84.68,4.49,31.98,1,1,1384.2,1,32.77,0,normal,0
1/1/2024 0:09,19,83.32,4.32,33.87,1,1,1537.1,1,36.7,0,normal,0
1/1/2024 0:09,36,78.26,4.52,32.28,1,1,1460.3,1,35.16,0,normal,0
1/1/2024 0:10,29,74.39,3.97,30.95,2,0,0,1,22.83,0,normal,0
1/1/2024 0:10,16,76.01,4.19,29.13,0,1,1216.9,1,30.97,0,normal,0
1/1/2024 0:10,38,75.44,4.5,34.95,1,1,1433.6,0,23.5,0,normal,0
1/1/2024 0:10,29,71.41,3.75,30.99,1,0,0,0,17.47,0,degradation,1
1/1/2024 0:10,12,84.49,4.75,33.75,1,0,0,1,17.47,0,normal,0
1/1/2024 0:10,5,76.05,4.82,34.01,1,1,1299.5,0,25.59,0,normal,0
1/1/2024 0:10,16,83.11,4.01,32.48,1,1,1360.7,1,37.91,0,normal,0
1/1/2024 0:10,45,71,4.8,27.15,1,1,1422.6,0,26.47,0,normal,0
1/1/2024 0:10,6,58.7,2.73,30.2,1,1,1532.8,1,35.95,1,leak,1
1/1/2024 0:10,2,74.33,4.87,31.96,1,1,1237.6,1,32.74,0,normal,0
1/1/2024 0:10,34,95.24,5.1,31.09,1,1,1418.4,1,36.96,1,surge,1
1/1/2024 0:10,12,75.14,4.77,34.08,1,1,1306.3,1,37.05,0,normal,0
1/1/2024 0:10,7,74.55,4.9,31.2,0,1,873.8,0,30.82,1,degradation,1
1/1/2024 0:10,36,78.72,4.51,32.74,1,0,0,0,13.15,0,normal,0
1/1/2024 0:10,25,77.52,4.72,29.11,1,1,1504.6,0,26.53,0,normal,0
1/1/2024 0:10,24,78.15,5.25,28.27,1,1,1412.6,1,33.99,0,normal,0
1/1/2024 0:10,46,65.48,3.58,32.72,1,1,1478.6,1,32.39,1,leak,1
1/1/2024 0:10,30,77.25,3.66,34.67,2,1,1386.1,0,23.65,0,normal,0
1/1/2024 0:10,1,69.75,4.37,31.86,1,0,0,1,18.63,0,normal,0
1/1/2024 0:10,12,65.12,4.88,33.09,0,0,0,1,18.25,0,normal,0
1/1/2024 0:10,8,75.49,5.15,32.41,2,1,1350.8,1,31.65,0,normal,0
1/1/2024 0:10,15,77.08,4.65,28.69,0,1,1462.3,0,21,0,normal,0
1/1/2024 0:10,45,54.86,3.45,30.94,1,1,1335.1,1,35.89,1,leak,1
1/1/2024 0:10,26,68.25,5.09,31.8,1,0,0,1,18.86,0,normal,0
1/1/2024 0:10,19,61.58,2.35,31.66,1,1,1426.9,0,22.26,1,leak,1
1/1/2024 0:10,7,98.34,2.3,30.03,1,1,1254.7,1,31.39,1,blockage,1
1/1/2024 0:10,11,53.56,3.32,33.12,1,0,0,1,19.47,1,leak,1
1/1/2024 0:10,50,74.41,5.12,28.6,1,1,1397.1,1,36.88,0,normal,0
1/1/2024 0:10,45,70.36,4.83,33.03,1,1,1221.4,1,41.07,0,degradation,1
1/1/2024 0:10,11,66.62,4.88,34.84,1,0,0,1,18.51,0,normal,0
1/1/2024 0:10,47,71.27,3.97,29.03,1,0,0,1,16.1,0,normal,0
1/1/2024 0:10,30,75.75,4.36,31.76,1,0,0,0,16.53,0,degradation,1
1/1/2024 0:10,38,72.35,4.35,34.73,1,0,0,1,30.62,0,degradation,1
1/1/2024 0:10,41,72,4.2,32.39,1,1,1224.9,0,24.24,0,normal,0
1/1/2024 0:10,48,74.32,5,28.29,1,1,1503.8,1,30.85,0,normal,0
1/1/2024 0:10,9,83.95,4.82,33.47,2,1,1364.9,0,21.74,0,normal,0
1/1/2024 0:10,27,71.58,5.69,31.16,0,1,1482.5,1,35.11,0,normal,0
1/1/2024 0:10,2,43.11,2.92,33.05,2,1,1515.6,0,23.22,1,leak,1
1/1/2024 0:10,22,72.87,5.43,32.15,1,1,1290.8,1,30.96,0,normal,0
1/1/2024 0:10,36,84.89,4.27,31.73,2,1,1443.4,0,26.26,0,normal,0
1/1/2024 0:10,1,75.92,5.08,33.59,0,1,1442,0,23.55,0,normal,0
1/1/2024 0:10,26,66.72,3.52,33.14,1,1,1172.6,1,48.54,1,degradation,1
1/1/2024 0:10,46,92.39,5.18,28.65,1,0,0,1,18.49,1,surge,1
1/1/2024 0:10,36,62.3,3.96,32.44,1,0,0,0,11.15,0,normal,0
1/1/2024 0:10,16,74.63,4.91,29.72,1,1,995.3,0,33.8,1,degradation,1
1/1/2024 0:10,22,70.22,5,34.55,0,1,1376.6,1,37.78,0,normal,0
1/1/2024 0:10,45,75.4,4.96,33.87,1,1,1546.1,1,35.37,0,normal,0
1/1/2024 0:10,41,78.03,5.34,35.77,1,1,1337.3,1,30.34,0,normal,0
1/1/2024 0:10,5,70.14,4.84,30.15,1,1,1296.4,0,33.66,0,degradation,1
1/1/2024 0:10,20,69.51,4.94,35.54,1,1,1307.7,0,20.47,0,normal,0
1/1/2024 0:10,32,71.57,3.28,32.82,0,1,1174.6,1,51.01,0,degradation,1
1/1/2024 0:10,31,76.75,4.85,29.87,1,1,1585,1,37.67,0,normal,0
1/1/2024 0:10,39,74.42,4.32,32.6,1,1,1238.1,1,31.33,0,normal,0
1/1/2024 0:10,49,69.34,4.46,33.29,0,0,0,0,12.39,0,normal,0
1/1/2024 0:10,48,66.18,4.7,30.95,1,1,1415.6,1,34.61,0,normal,0
1/1/2024 0:10,7,75.86,4.29,32.89,1,1,1388.5,1,34.14,0,normal,0
1/1/2024 0:10,28,63.52,2.49,30.59,1,1,1582.2,1,35.47,1,leak,1
1/1/2024 0:10,29,73.05,3.71,30.88,2,1,1569,1,38.22,0,normal,0
1/1/2024 0:10,18,69.78,4.5,32.85,0,1,1344.7,0,25.25,0,normal,0
1/1/2024 0:10,18,69.91,4.55,29.69,1,1,1229.7,0,26.01,0,degradation,1
1/1/2024 0:11,26,78.64,4.79,28.69,1,0,0,1,18.13,0,normal,0
1/1/2024 0:11,11,75.51,4.45,33.33,0,1,902.9,1,42.85,0,degradation,1
1/1/2024 0:11,3,78.29,4.88,33.18,2,0,0,1,18.07,0,normal,0
1/1/2024 0:11,33,72.77,3.58,30.74,0,0,0,1,22.81,1,leak,1
1/1/2024 0:11,24,73.78,4.43,34.87,1,1,1403.1,0,22.62,0,normal,0
1/1/2024 0:11,24,65.36,3.62,34.65,0,1,1343.9,1,32.2,0,normal,0
1/1/2024 0:11,43,69.24,5.01,31.64,1,1,1287.2,1,35.92,0,normal,0
1/1/2024 0:11,15,81.48,3.75,31.48,1,0,0,1,21.34,0,normal,0
1/1/2024 0:11,39,85.71,4.96,34.75,1,0,0,1,18.7,0,normal,0
1/1/2024 0:11,49,80.71,4.22,31.24,2,0,0,1,20.86,0,normal,0
1/1/2024 0:11,4,79.06,5.03,31.54,1,1,1484.3,1,33.8,0,normal,0
1/1/2024 0:11,3,76.45,4.49,33.36,1,1,1080,0,40.2,1,degradation,1
1/1/2024 0:11,34,77.11,4.15,35.63,0,1,1101.5,0,32.79,0,degradation,1
1/1/2024 0:11,40,66.32,4.35,32.72,0,0,0,1,19.03,0,normal,0
1/1/2024 0:11,18,69.35,4.61,28.99,1,1,1606.3,1,36.69,0,normal,0
1/1/2024 0:11,3,66.85,4.73,31.37,1,1,1436.5,0,24.93,0,normal,0
1/1/2024 0:11,43,87.6,5.44,30.4,1,0,0,0,11.86,0,normal,0
1/1/2024 0:11,46,84.42,4.66,33.29,1,1,1384.4,0,21.82,0,normal,0
1/1/2024 0:11,9,72.66,4.73,35.53,2,0,0,0,12.03,0,normal,0
1/1/2024 0:11,22,111.13,5.12,33.39,0,1,1397.1,1,33.15,1,surge,1
1/1/2024 0:11,26,77.37,4.45,30.77,1,1,1232.3,0,26.04,0,normal,0
1/1/2024 0:11,33,75.32,4.7,30.6,1,1,1429.3,1,33.35,0,normal,0
1/1/2024 0:11,39,71.08,4.73,32.19,2,1,1337.3,0,23.06,0,normal,0
1/1/2024 0:11,1,72.48,3.81,28.48,0,1,1344.3,0,25.29,0,normal,0
1/1/2024 0:11,21,67.73,4.42,34.26,1,0,0,1,18.04,0,normal,0
1/1/2024 0:11,35,74.98,3.97,32.67,1,0,0,1,20.18,0,normal,0
1/1/2024 0:11,25,72.03,4.62,31.85,1,1,1252.1,0,20.83,0,normal,0
1/1/2024 0:11,28,69,4.64,31.66,1,1,1148.5,1,43.92,0,degradation,1
1/1/2024 0:11,4,86.41,1.56,30.1,1,1,1441.7,0,23.72,1,blockage,1
1/1/2024 0:11,43,76.06,4.11,31.03,1,1,1163.9,1,40.98,0,degradation,1
1/1/2024 0:11,43,83.92,4.96,34.84,1,1,1410.7,1,35.88,0,normal,0
1/1/2024 0:11,18,78.21,4.71,28.48,2,0,0,0,7.34,0,normal,0
1/1/2024 0:11,42,112.22,2.09,30.65,0,1,1367.5,1,32.89,1,blockage,1
1/1/2024 0:11,27,81.04,5,34.18,2,1,1457.1,1,32.67,0,normal,0
1/1/2024 0:11,38,80.88,5.44,35.27,1,1,1304.4,0,35.45,0,degradation,1
1/1/2024 0:11,32,72.34,4.47,29.1,1,1,1309.6,0,23.07,0,normal,0
1/1/2024 0:11,10,71.01,5.02,33.9,1,1,1449.8,0,27.21,0,normal,0
1/1/2024 0:11,18,68.42,4.4,28.88,1,0,0,0,7.22,0,normal,0
1/1/2024 0:11,32,77.5,5.62,32,0,1,1242.5,0,21.12,0,normal,0
1/1/2024 0:11,39,90.74,5.08,32.07,1,1,1349.5,0,20.26,1,surge,1
1/1/2024 0:11,22,67.03,4.62,31.69,0,1,1544.3,0,23.82,0,normal,0
1/1/2024 0:11,21,70.34,4.16,30.89,2,1,1360.6,0,23.76,0,normal,0
1/1/2024 0:11,28,75.25,4.55,32.34,0,1,1250.6,1,33.81,0,normal,0
1/1/2024 0:11,10,78.04,4.39,30.88,1,0,0,0,10.99,0,normal,0
1/1/2024 0:11,10,78.29,4.7,30.78,1,1,1404.7,0,28.9,0,normal,0
1/1/2024 0:11,10,75.91,4.08,30.72,1,1,1454,1,34.46,0,normal,0
1/1/2024 0:11,37,73.14,4.87,31.89,1,1,1278.5,0,26.12,0,normal,0
1/1/2024 0:11,8,75.07,5.01,29.23,1,0,0,0,8.15,0,normal,0
1/1/2024 0:11,36,82.62,4.77,33.33,1,1,1442.6,1,34.18,0,normal,0
1/1/2024 0:11,43,73.52,5.08,33.41,0,1,1481,1,38.42,0,normal,0
1/1/2024 0:11,4,79.48,4.91,34.75,1,0,0,0,11.26,0,normal,0
1/1/2024 0:11,14,73.15,4.75,34.84,1,1,1362.3,1,37.97,0,normal,0
1/1/2024 0:11,43,81.74,3.73,32.56,2,1,1211.6,0,31.86,0,degradation,1
1/1/2024 0:11,29,84.59,4.09,31.2,1,0,0,1,19.15,0,normal,0
1/1/2024 0:11,37,60.37,3.08,33.34,0,0,0,0,12.41,1,leak,1
1/1/2024 0:11,12,67.2,4.36,29.19,2,0,0,0,12.42,0,normal,0
1/1/2024 0:11,18,76.68,4.12,32.31,0,1,1497.2,1,37.02,0,normal,0
1/1/2024 0:11,43,71.98,4.85,30.17,1,1,1433.4,0,23.47,0,normal,0
1/1/2024 0:11,13,72.26,4.34,34.41,1,0,0,0,7.53,0,normal,0
1/1/2024 0:11,47,76.88,4.47,32.39,1,0,0,0,13.46,0,degradation,1
1/1/2024 0:12,11,101.28,1.92,32.68,1,1,1368.8,0,19.9,1,blockage,1
1/1/2024 0:12,42,67.96,4.63,35.1,1,0,0,0,11.13,1,degradation,1
1/1/2024 0:12,14,77.53,4.32,29.87,1,0,0,1,18.43,0,normal,0
1/1/2024 0:12,16,102.29,6.16,28.15,0,1,1481.3,1,34.87,1,surge,1
1/1/2024 0:12,9,88.81,4.12,34.85,2,1,1508.1,1,35.33,0,normal,0
1/1/2024 0:12,43,73.61,3.78,35.85,2,1,1382.6,1,34.67,0,normal,0
1/1/2024 0:12,18,82.09,4.92,32.02,1,1,1458.9,0,28.11,0,normal,0
1/1/2024 0:12,14,74.03,4.54,29.01,1,1,1468.6,0,22.52,0,normal,0
1/1/2024 0:12,47,78.44,4.51,35.36,0,1,1413.4,0,23.39,0,normal,0
1/1/2024 0:12,46,70,4.89,31.83,1,1,1501.5,0,28.8,0,normal,0
1/1/2024 0:12,20,80.79,4.69,30.32,1,0,0,0,12.04,0,normal,0
1/1/2024 0:12,18,62.01,3.23,31.9,1,1,1356.9,0,26.47,1,leak,1
1/1/2024 0:12,34,75.81,4.15,28.88,1,1,1295.6,1,32.51,0,normal,0
1/1/2024 0:12,50,80.93,4.7,33.05,0,0,0,1,28.07,0,degradation,1
1/1/2024 0:12,36,68.51,5.38,32.24,1,0,0,1,19.84,0,normal,0
1/1/2024 0:12,9,71.85,4.61,32.36,1,1,1440.7,1,34.05,0,normal,0
1/1/2024 0:12,35,102.97,6.24,26.98,1,0,0,1,20.06,1,surge,1
1/1/2024 0:12,11,94.99,5.56,32.25,1,1,1480.4,1,36.78,1,surge,1
1/1/2024 0:12,38,73.69,4.98,32.93,0,1,1104.9,0,32.9,0,degradation,1
1/1/2024 0:12,24,75.77,4.83,32.96,1,1,1432.8,0,22.52,0,normal,0
1/1/2024 0:12,39,73.67,3.93,29.89,1,0,0,0,7.35,0,normal,0
1/1/2024 0:12,23,71.61,4.54,32.82,1,1,1436.3,0,25.32,0,normal,0
1/1/2024 0:12,8,72.39,4.81,28.89,1,1,1182.5,1,45.06,0,degradation,1
1/1/2024 0:12,23,65.32,4.96,34.34,0,1,1447.3,0,24.11,0,normal,0
1/1/2024 0:12,27,70.45,4.77,29.64,1,1,1491.9,1,33.22,0,normal,0
1/1/2024 0:12,19,67.1,4.89,30.98,0,1,977.2,1,43.44,1,degradation,1
1/1/2024 0:12,17,92.39,6.73,32.33,1,1,1309,1,32.79,1,surge,1
1/1/2024 0:12,33,70.62,4.54,32.59,1,1,1256.6,1,31.46,0,normal,0
1/1/2024 0:12,2,75.63,4.16,33.84,0,1,1379.2,1,33.02,0,normal,0
1/1/2024 0:12,26,70.63,3.7,32.01,1,0,0,1,19.64,0,normal,0
1/1/2024 0:12,50,77.61,4.21,31.99,0,1,1061.8,1,45.08,0,degradation,1
1/1/2024 0:12,28,69.59,5.33,32.89,0,1,1500,0,25.27,0,normal,0
1/1/2024 0:12,27,77.78,4.92,33.2,0,0,0,0,9.95,0,normal,0
1/1/2024 0:12,25,74.86,4.29,31.36,1,1,1335.1,1,30.07,0,normal,0
1/1/2024 0:12,21,77.36,4.5,31.75,1,0,0,1,16.41,0,normal,0
1/1/2024 0:12,49,79.29,5.47,29.37,1,1,1211.1,0,26.03,0,normal,0
1/1/2024 0:12,38,72.78,5.24,31.1,1,0,0,1,19.5,0,normal,0
1/1/2024 0:12,41,82.67,4.05,29.61,1,0,0,0,6.2,0,normal,0
1/1/2024 0:12,34,77.44,5.26,35.48,1,1,1647.5,1,32.49,0,normal,0
1/1/2024 0:12,35,72.46,2.8,32.9,1,1,1460.6,1,31.69,1,leak,1
1/1/2024 0:12,16,81.26,4.25,30.52,0,0,0,1,18.78,0,normal,0
1/1/2024 0:12,26,76,5,29.25,1,1,1324.7,0,21.12,0,normal,0
1/1/2024 0:12,47,72.99,4.66,28.71,1,1,1396.4,0,28.78,0,normal,0
1/1/2024 0:12,31,71.27,4.86,29.9,1,0,0,1,18.65,0,normal,0
1/1/2024 0:12,36,113.43,1.37,31.73,1,0,0,1,18.1,1,blockage,1
1/1/2024 0:12,29,68.25,4.86,29.56,1,1,1531.4,1,34.23,0,normal,0
1/1/2024 0:12,2,74.87,4.53,35.35,0,1,1351.8,1,30.24,0,normal,0
1/1/2024 0:12,28,65.94,4.22,34.75,2,1,1329,1,33.55,0,normal,0
1/1/2024 0:12,39,80.78,4.61,34.34,0,0,0,1,19.46,0,normal,0
1/1/2024 0:12,6,85.53,4.73,30.26,1,0,0,1,22.09,0,normal,0
1/1/2024 0:12,5,69.84,5,30.73,1,0,0,1,16.26,0,normal,0
1/1/2024 0:12,36,70.14,4.43,32.13,1,1,1384.2,1,35.14,0,normal,0
1/1/2024 0:12,38,71.25,4.32,31.28,1,1,1254.6,1,29.56,0,normal,0
1/1/2024 0:12,41,80.69,3.67,32.04,1,1,1494.4,1,34.43,0,normal,0
1/1/2024 0:12,32,70.86,4.38,34.46,1,1,1303.9,1,34.03,0,normal,0
1/1/2024 0:12,35,74.7,4.94,30.64,1,1,1123.5,0,28.98,0,degradation,1
1/1/2024 0:12,24,74.98,3.72,33.24,2,1,1300.9,1,31.86,0,normal,0
1/1/2024 0:12,29,67.93,4.6,33.53,2,1,1173.9,1,49.36,0,degradation,1
1/1/2024 0:12,12,66.48,4.94,31.67,1,0,0,1,18,0,normal,0
1/1/2024 0:12,34,61.05,3.96,30.55,1,1,1530.7,1,36.3,1,leak,1
1/1/2024 0:13,28,78.11,3.94,34.86,1,1,1387,1,32.81,0,normal,0
1/1/2024 0:13,24,73.98,4.34,36.49,1,1,1370.3,0,26.46,0,normal,0
1/1/2024 0:13,5,78.04,3.83,30.46,1,1,1353.3,0,26.8,0,normal,0
1/1/2024 0:13,39,72,5.22,32.73,1,1,1444,1,34.35,0,normal,0
1/1/2024 0:13,47,70.71,3.59,31.76,1,1,1315.7,0,23.43,0,normal,0
1/1/2024 0:13,2,72.57,4.56,29.77,1,1,1465.2,0,24.92,0,normal,0
1/1/2024 0:13,49,70.54,4.51,30.46,0,0,0,1,25,1,degradation,1
1/1/2024 0:13,50,75.68,4.8,35.27,1,1,1317.5,1,34.75,0,normal,0
1/1/2024 0:13,28,94.36,2.03,31.8,0,1,1465.3,0,23.8,1,blockage,1
1/1/2024 0:13,35,61.37,4.72,32.52,0,1,1408.3,0,18.66,0,normal,0
1/1/2024 0:13,11,74.17,4.43,28.71,1,0,0,1,20.71,0,normal,0
1/1/2024 0:13,37,101.49,5.06,31.51,1,1,1333.2,1,33.75,1,surge,1
1/1/2024 0:13,25,64.99,3.84,31.22,0,0,0,0,8.63,0,normal,0
1/1/2024 0:13,4,69.74,4.02,33.16,0,0,0,1,18.93,0,normal,0
1/1/2024 0:13,26,80.89,4.52,31.93,0,0,0,1,19.55,0,normal,0
1/1/2024 0:13,41,79.38,3.89,32.62,0,1,1330.3,0,21.71,0,normal,0
1/1/2024 0:13,23,71.15,4.06,31.58,1,0,0,1,21.04,0,normal,0
1/1/2024 0:13,31,74.34,4.4,31.74,1,1,1234.8,1,36.63,0,normal,0
1/1/2024 0:13,6,95.49,5.47,29.19,0,0,0,1,19.95,1,surge,1
1/1/2024 0:13,36,72.35,2.93,30.4,0,1,1371.4,1,33.98,1,leak,1
1/1/2024 0:13,43,56.77,3.8,30.47,1,0,0,0,7.02,1,leak,1
1/1/2024 0:13,48,81.32,1.75,34.12,1,0,0,1,19.88,1,blockage,1
1/1/2024 0:13,18,65.48,4.62,32.3,1,1,1514.5,1,35.01,0,normal,0
1/1/2024 0:13,16,77.02,3.7,33.52,1,1,1376.3,0,25.37,0,normal,0
1/1/2024 0:13,1,74.04,4.54,29.61,0,0,0,0,8.31,0,normal,0
1/1/2024 0:13,5,75.83,3.42,34.26,1,1,1285.2,0,35.47,1,degradation,1
1/1/2024 0:13,36,74.64,4.39,30.15,1,0,0,1,19.24,0,normal,0
1/1/2024 0:13,2,70.37,4.75,32.14,0,1,1434.5,1,34.46,0,normal,0
1/1/2024 0:13,24,80.42,4.61,31.57,1,1,1330.9,1,33.72,0,normal,0
1/1/2024 0:13,16,73.35,4.52,29.93,1,1,1415.3,1,35.98,0,normal,0
1/1/2024 0:13,45,68.14,4.24,35.85,1,0,0,1,22.9,0,normal,0
1/1/2024 0:13,31,77.83,4.7,30.15,1,1,1460.5,0,26.1,0,normal,0
1/1/2024 0:13,5,83.33,3.51,32.93,1,0,0,0,14.58,0,normal,0
1/1/2024 0:13,46,84.98,4.28,34.06,0,0,0,0,8.93,0,normal,0
1/1/2024 0:13,40,104.16,1.58,30.64,1,0,0,1,18.22,1,blockage,1
1/1/2024 0:13,27,76.26,4.76,30.23,1,0,0,0,10.9,0,normal,0
1/1/2024 0:13,40,85.1,4.56,32.73,1,1,1301.4,1,36.1,0,normal,0
1/1/2024 0:13,7,79.87,4.69,34.87,1,1,1225.6,0,21.58,0,normal,0
1/1/2024 0:13,5,71.51,4.64,31.42,1,0,0,0,8.52,0,normal,0
1/1/2024 0:13,8,67.59,4.09,32.4,1,0,0,1,28.33,0,degradation,1
1/1/2024 0:13,37,66.86,4.72,35.01,0,0,0,0,10.42,0,degradation,1
1/1/2024 0:13,24,77.9,5.07,33.81,1,0,0,0,5.42,0,normal,0
1/1/2024 0:13,20,72.9,4.38,32,1,1,1398.4,0,26.45,0,normal,0
1/1/2024 0:13,15,81.38,4.87,32.05,2,0,0,1,18.33,0,normal,0
1/1/2024 0:13,17,77.82,4.03,33,1,1,1458.1,1,33.66,0,normal,0
1/1/2024 0:13,23,70.8,4.32,33.61,1,1,1355.7,1,34.09,0,normal,0
1/1/2024 0:13,23,95.75,5.14,32.89,0,1,1329.6,1,34.65,1,surge,1
1/1/2024 0:13,27,75.36,5,33,1,1,1224.5,0,20.16,0,normal,0
1/1/2024 0:13,30,72.28,4.66,29.2,0,0,0,1,19.24,0,normal,0
1/1/2024 0:13,16,71.36,4.18,34.31,1,0,0,0,7.06,0,normal,0
1/1/2024 0:13,21,75.32,3.84,33.67,2,0,0,1,19.76,0,normal,0
1/1/2024 0:13,26,102.57,5.37,32.01,1,1,1373.2,1,31.8,1,surge,1
1/1/2024 0:13,20,73.41,4.63,32.23,1,0,0,0,12.04,0,normal,0
1/1/2024 0:13,36,77.21,4.22,31.64,1,1,1578.4,0,26.43,0,normal,0
1/1/2024 0:13,24,80.91,4.71,33.85,1,1,1454.1,1,34.55,0,normal,0
1/1/2024 0:13,32,78.81,4.84,30.18,0,0,0,1,16.81,0,normal,0
1/1/2024 0:13,29,76.25,4.32,26.34,2,1,1046.2,1,39.8,0,degradation,1
1/1/2024 0:13,48,57.57,2.36,34.96,1,1,1589.6,0,24.46,1,leak,1
1/1/2024 0:13,16,83.37,3.95,32.58,1,1,1336.3,1,30.12,0,normal,0
1/1/2024 0:13,44,77.41,5.33,28.6,0,1,1091.8,1,46.38,0,degradation,1
1/1/2024 0:14,30,79.28,4.48,29.78,2,0,0,0,15.03,1,degradation,1
1/1/2024 0:14,14,57.69,3.03,32.42,2,1,1448.5,0,23.87,1,leak,1
1/1/2024 0:14,27,99.86,1.38,32.19,0,1,1491.2,1,34.93,1,blockage,1
1/1/2024 0:14,25,78.83,4.5,34.88,1,0,0,0,7.68,0,normal,0
1/1/2024 0:14,8,78.11,4.33,34.79,1,1,1318,1,34,0,normal,0
1/1/2024 0:14,41,67.92,4.17,32.67,1,1,1242.3,1,33.94,0,normal,0
1/1/2024 0:14,50,71.91,4.43,34.07,1,1,1127.8,0,21.24,0,normal,0
1/1/2024 0:14,20,76.39,4.78,29.39,1,1,935.9,0,32.41,0,degradation,1
1/1/2024 0:14,5,69.33,4.12,29.81,1,1,1285.1,1,31.44,0,normal,0
1/1/2024 0:14,19,69.56,4.1,31.41,1,0,0,1,27.49,1,degradation,1
1/1/2024 0:14,36,67.53,3.85,34.42,1,1,1574.1,1,31.49,0,normal,0
1/1/2024 0:14,13,76.93,5.07,32.02,1,1,1321.3,1,30.83,0,normal,0
1/1/2024 0:14,10,73.35,4.82,32.02,0,0,0,0,12.98,0,normal,0
1/1/2024 0:14,6,71.28,5.12,30.08,0,0,0,1,19.34,0,normal,0
1/1/2024 0:14,39,73.59,4.33,34.89,2,0,0,0,8.64,0,normal,0
1/1/2024 0:14,16,71.09,3.47,30.92,1,1,1347.4,0,24.06,0,normal,0
1/1/2024 0:14,4,66.1,4.45,31.57,1,1,1311.9,1,28.89,0,normal,0
1/1/2024 0:14,39,78.91,4.92,33.94,1,1,1441.1,0,23.82,0,normal,0
1/1/2024 0:14,40,83.39,6.15,37.26,1,0,0,0,8.49,1,surge,1
1/1/2024 0:14,37,78.69,4.84,36.32,1,1,1360.4,1,34.74,0,normal,0
1/1/2024 0:14,46,80.32,5.19,30.49,2,1,1445.3,0,24.67,0,normal,0
1/1/2024 0:14,30,83.36,5.51,33.14,1,0,0,1,21.06,0,normal,0
1/1/2024 0:14,35,73.54,3.98,32.14,1,1,1592.2,0,24.79,0,normal,0
1/1/2024 0:14,8,74.73,5.02,32.75,0,1,1441.9,1,35,0,normal,0
1/1/2024 0:14,49,73.54,5.63,32.55,0,1,1371.8,0,21.8,0,normal,0
1/1/2024 0:14,9,77.23,4.91,33.07,1,1,1598.6,0,27.16,0,normal,0
1/1/2024 0:14,27,71.77,4.53,31.4,0,1,1404.3,0,23.69,0,normal,0
1/1/2024 0:14,8,66.4,4.65,32.69,2,1,1494.6,1,35.12,0,normal,0
1/1/2024 0:14,21,115.3,1.39,32.64,0,0,0,1,18.17,1,blockage,1
1/1/2024 0:14,43,80.45,4.99,34.92,1,1,1560.7,1,36.76,0,normal,0
1/1/2024 0:14,12,99.37,4.73,35.98,1,0,0,0,13.36,1,surge,1
1/1/2024 0:14,18,76.29,3.62,31.52,1,1,1593.6,0,25.85,0,normal,0
1/1/2024 0:14,41,71.74,4.66,30.36,1,0,0,0,10.3,0,normal,0
1/1/2024 0:14,10,76.62,3.99,30.68,1,1,1237.9,0,21.41,0,normal,0
1/1/2024 0:14,8,78.68,3.84,30.83,1,1,1498.1,0,22.69,0,normal,0
1/1/2024 0:14,49,73.42,4.57,30.68,0,0,0,0,11.42,0,normal,0
1/1/2024 0:14,38,78.4,4.72,32.77,1,1,1341.2,1,32.02,0,normal,0
1/1/2024 0:14,29,73.83,3.74,30.59,1,1,1184,0,19.67,0,normal,0
1/1/2024 0:14,49,77.7,4.79,31.4,1,1,1419.8,1,33.62,0,normal,0
1/1/2024 0:14,12,62.88,2.63,31.42,1,1,1438.5,0,22.59,1,leak,1
1/1/2024 0:14,15,68.97,2.56,36.44,1,0,0,0,9.79,1,leak,1
1/1/2024 0:14,41,74.65,4.08,30.05,1,1,1433.7,1,33.38,0,normal,0
1/1/2024 0:14,45,74.84,4.54,31.37,1,0,0,0,10.37,0,normal,0
1/1/2024 0:14,25,78.32,4.58,32.7,1,1,1378,1,33.32,0,normal,0
1/1/2024 0:14,49,73.76,5.44,30.31,1,1,1529.7,0,27.44,0,normal,0
1/1/2024 0:14,3,75.79,4.41,36.24,1,0,0,0,12.04,0,normal,0
1/1/2024 0:14,12,73.35,5.4,32.27,1,1,1372.4,1,32.97,0,normal,0
1/1/2024 0:14,43,73.92,4.57,34.4,1,1,1498.1,1,33.72,0,normal,0
1/1/2024 0:14,18,66.03,4.47,30.57,1,1,1473.7,1,35.44,0,normal,0
1/1/2024 0:14,41,70.8,4.61,30.8,1,1,1296.3,0,24.15,0,normal,0
1/1/2024 0:14,22,78.42,3.91,32.65,1,1,1315.2,1,36.12,0,normal,0
1/1/2024 0:14,34,73.3,5.1,32.47,1,1,1243.1,1,31.13,0,normal,0
1/1/2024 0:14,46,81.35,4.09,32.15,1,1,1476.8,0,24.89,0,normal,0
1/1/2024 0:14,34,85.46,5.3,30.97,1,1,1297.4,1,32.19,1,surge,1
1/1/2024 0:14,19,89.53,1.68,33.54,2,0,0,0,11.68,1,blockage,1
1/1/2024 0:14,25,83.1,3.74,30.46,1,0,0,1,21.22,0,normal,0
1/1/2024 0:14,33,71.21,4.68,28.47,0,1,1371.1,0,24.73,0,normal,0
1/1/2024 0:14,49,83.77,1.13,29.03,1,0,0,1,21.69,1,blockage,1
1/1/2024 0:14,16,72.6,4.97,36.1,1,0,0,1,23.08,0,normal,0
1/1/2024 0:14,40,66.58,4.91,32,0,0,0,0,8.81,0,normal,0
1/1/2024 0:15,19,76.7,4.49,34.07,1,1,1377.8,1,32.22,0,normal,0
1/1/2024 0:15,50,71.14,3.66,33.21,1,1,1393.1,0,24.21,0,normal,0
1/1/2024 0:15,32,80.68,4.21,35.45,0,1,1548.5,1,38.86,0,normal,0
1/1/2024 0:15,35,72.66,3.57,34.83,1,1,1483.7,0,22.5,0,normal,0
1/1/2024 0:15,39,80.13,3.98,30.74,1,1,1310.6,1,36.09,0,normal,0
1/1/2024 0:15,23,76.39,5.16,32.44,1,0,0,0,9.23,0,normal,0
1/1/2024 0:15,47,96.62,5.41,30.85,2,1,1449.3,0,26.18,1,surge,1
1/1/2024 0:15,32,74.05,5.13,32.8,0,0,0,1,19.96,0,normal,0
1/1/2024 0:15,25,89.94,4.26,28.98,1,1,1355.4,1,33.25,1,surge,1
1/1/2024 0:15,33,70.76,5.4,30.31,1,1,1343.5,0,25.33,0,normal,0
1/1/2024 0:15,20,74.24,5.14,33.47,1,1,1380.4,1,30.27,0,normal,0
1/1/2024 0:15,46,73.61,4.76,35.39,1,1,1372.8,1,32.8,0,normal,0
1/1/2024 0:15,6,73.91,4.56,30.14,1,1,1233.1,1,31.58,0,normal,0
1/1/2024 0:15,27,70.01,4.05,33.41,1,0,0,1,21.83,0,normal,0
1/1/2024 0:15,44,80.94,3.8,30.81,1,0,0,1,22.06,0,normal,0
1/1/2024 0:15,43,73.94,4.19,29.74,0,1,1257,0,22.78,0,normal,0
1/1/2024 0:15,40,58.25,2.82,32.33,1,1,1417.4,1,32.7,1,leak,1
1/1/2024 0:15,35,71.83,4.45,32.62,1,1,1362,0,24.23,0,normal,0
1/1/2024 0:15,17,76.83,4.99,35.33,1,1,1299.3,1,35.18,0,normal,0
1/1/2024 0:15,47,83.89,4.44,29.35,1,1,1134.6,1,43.77,0,degradation,1
1/1/2024 0:15,10,80.54,4.13,29.86,1,1,1302.1,0,23.51,0,normal,0
1/1/2024 0:15,35,78.16,4.19,32.37,1,1,1373.9,1,34.78,0,normal,0
1/1/2024 0:15,45,79.31,5.41,31.3,2,1,999.1,1,39.79,0,degradation,1
1/1/2024 0:15,16,76.11,4.25,33.18,1,0,0,1,18.66,0,normal,0
1/1/2024 0:15,25,65.65,5.28,30.89,0,1,1460.3,1,31.29,0,normal,0
1/1/2024 0:15,2,79.76,4.88,32.62,1,0,0,0,10.73,0,normal,0
1/1/2024 0:15,16,76.51,5.46,29.83,1,1,1375.5,1,30.86,0,normal,0
1/1/2024 0:15,20,77.75,5.32,31.94,1,1,1302.9,0,23.26,0,normal,0
1/1/2024 0:15,34,68.58,4.45,27.44,2,0,0,1,21.28,0,normal,0
1/1/2024 0:15,18,77.85,4.88,30.8,1,1,1295.5,1,28.66,0,normal,0
1/1/2024 0:15,26,70.53,4.45,36.04,1,1,1478.6,0,24.84,0,normal,0
1/1/2024 0:15,28,59.94,2.86,33.24,0,1,1559.6,1,36.36,1,leak,1
1/1/2024 0:15,49,70.96,4.33,32.64,1,1,1462.1,1,36,0,normal,0
1/1/2024 0:15,49,77.42,3.52,30.55,1,1,1312.9,1,36.11,0,normal,0
1/1/2024 0:15,15,73.4,4.42,31.43,1,1,1303,1,30.86,0,normal,0
1/1/2024 0:15,11,64.12,4.12,33.14,0,1,1427.6,0,26.62,1,leak,1
1/1/2024 0:15,23,90.67,1.13,30.28,1,1,1204.2,1,33.19,1,blockage,1
1/1/2024 0:15,40,67.36,4.13,34.1,1,1,1526.4,1,34.29,0,normal,0
1/1/2024 0:15,46,76.58,4.76,33.3,0,1,1353.4,1,30.1,0,normal,0
1/1/2024 0:15,31,73.44,4.8,32.9,2,0,0,1,29.96,0,degradation,1
1/1/2024 0:15,12,55.19,2.63,33.28,1,1,1522.3,1,36.34,1,leak,1
1/1/2024 0:15,43,77.02,6.01,34.33,0,1,1505.4,0,28.33,0,normal,0
1/1/2024 0:15,45,92.18,5.14,32.1,1,1,1549.3,0,29.93,1,surge,1
1/1/2024 0:15,38,72.54,5.11,32.65,2,0,0,1,20.41,0,normal,0
1/1/2024 0:15,23,76.39,4.22,30.85,1,1,1170.6,1,42.23,0,degradation,1
1/1/2024 0:15,26,72.38,4.78,30.84,1,1,1491.6,1,37.18,0,normal,0
1/1/2024 0:15,15,79.29,4.2,31.05,1,0,0,1,30.78,1,degradation,1
1/1/2024 0:15,48,65.45,4.09,29.74,0,1,1327.4,0,32.6,0,degradation,1
1/1/2024 0:15,20,75.64,4.01,33.19,0,1,1381.1,1,33.47,0,normal,0
1/1/2024 0:15,31,72.74,4.44,34.46,1,1,1378.5,1,34.2,0,normal,0
1/1/2024 0:15,38,75.85,4.93,31.79,0,1,1440.4,0,21.78,0,normal,0
1/1/2024 0:15,15,77.15,3.41,33.31,1,1,1485.3,1,34.24,0,normal,0
1/1/2024 0:15,25,79.26,4.73,31.19,1,1,1306.5,0,21.69,0,normal,0
1/1/2024 0:15,17,61.52,2.8,28.67,1,0,0,0,8.18,1,leak,1
1/1/2024 0:15,23,102.12,1.35,34.06,1,0,0,0,14.01,1,blockage,1
1/1/2024 0:15,41,73.5,3.91,35.13,1,1,1338.1,0,23.35,0,normal,0
1/1/2024 0:15,3,80.97,4.9,29.57,1,1,1447.5,1,33.59,0,normal,0
1/1/2024 0:15,19,65.39,4.1,34.1,0,1,1348,0,21.82,0,normal,0
1/1/2024 0:15,20,86.31,4.15,32.44,1,1,1335.7,1,34.55,0,normal,0
1/1/2024 0:15,16,70.98,4.55,33.68,1,1,1454.3,0,26.88,0,normal,0
1/1/2024 0:16,20,74.22,5.16,38.52,1,1,1420.5,0,24.48,0,normal,0
1/1/2024 0:16,7,72.5,5.01,29.15,1,0,0,1,19.43,0,normal,0
1/1/2024 0:16,25,76.79,4.47,32.48,1,1,1604.4,1,36.59,0,normal,0
1/1/2024 0:16,23,71.52,5.37,32.21,1,1,1521.5,0,26.69,0,normal,0
1/1/2024 0:16,22,78.78,5.05,29.21,1,1,992.8,1,44.06,1,degradation,1
1/1/2024 0:16,39,61.49,3.11,34.92,1,0,0,1,21.35,1,leak,1
1/1/2024 0:16,3,77.09,3.74,34.96,2,1,1402.2,1,35.55,0,normal,0
1/1/2024 0:16,6,98.46,5.65,32.7,2,1,1462.8,1,34.55,1,surge,1
1/1/2024 0:16,13,64.91,3.16,32.26,0,1,1347.4,0,24.71,1,leak,1
1/1/2024 0:16,43,73.13,3.96,32.74,1,1,1360.8,0,24.87,0,normal,0
1/1/2024 0:16,45,91.79,1.12,30.59,1,1,1389.6,1,35.17,1,blockage,1
1/1/2024 0:16,23,79.46,3.79,33.61,1,0,0,0,6.34,0,normal,0
1/1/2024 0:16,45,67.61,4.72,34.98,1,1,1390.4,0,24.46,0,normal,0
1/1/2024 0:16,10,67.09,3.29,33.07,1,1,1381.1,0,23.35,1,leak,1
1/1/2024 0:16,10,80.18,5.05,32.32,1,1,1366.3,0,23.13,0,normal,0
1/1/2024 0:16,25,68.91,4.34,34.45,1,0,0,1,16.19,0,normal,0
1/1/2024 0:16,1,76.31,5.52,29.88,1,0,0,0,9.73,0,degradation,1
1/1/2024 0:16,26,53.96,2.01,32.6,1,0,0,1,19.08,1,leak,1
1/1/2024 0:16,41,76.41,4.2,32.92,1,1,1308,0,22.81,0,normal,0
1/1/2024 0:16,23,76.5,4.07,29.9,1,1,1593.8,1,38.13,0,normal,0
1/1/2024 0:16,5,80.58,4.55,33.65,0,1,1343.1,1,32.98,0,normal,0
1/1/2024 0:16,15,82.72,5.02,30.31,1,1,1310.7,0,25.22,0,normal,0
1/1/2024 0:16,47,67.71,4.25,30.68,1,1,1448.5,1,35.43,0,normal,0
1/1/2024 0:16,36,82.17,4.67,32.34,1,0,0,1,30.11,0,degradation,1
1/1/2024 0:16,36,70.22,4.83,34.06,1,1,1181.3,0,40.2,1,degradation,1
1/1/2024 0:16,3,79.63,4.45,33.73,0,0,0,0,10.25,0,normal,0
1/1/2024 0:16,23,72.86,4.45,29.68,1,1,1490.9,1,36.17,0,normal,0
1/1/2024 0:16,47,71.56,3.87,30.98,1,1,1539.4,0,24.66,0,normal,0
1/1/2024 0:16,4,74.4,5.15,38.37,0,1,1497.8,1,36.55,0,normal,0
1/1/2024 0:16,7,77.3,4.94,30.36,1,1,1347.2,1,30.67,0,normal,0
1/1/2024 0:16,37,67.9,4.45,29.97,1,1,1466.2,1,35.49,0,normal,0
1/1/2024 0:16,2,81.88,4.92,29.99,1,0,0,1,28.98,1,degradation,1
1/1/2024 0:16,41,78.75,4.21,32.85,0,0,0,1,18.97,0,normal,0
1/1/2024 0:16,15,96.66,1.01,30.98,2,0,0,1,17.99,1,blockage,1
1/1/2024 0:16,40,77.86,5.04,32.37,1,0,0,0,13.42,0,degradation,1
1/1/2024 0:16,46,76.47,4.07,29.02,2,1,1409.1,0,25.58,0,normal,0
1/1/2024 0:16,15,76.99,4.82,31.33,1,1,1591.5,0,26.03,0,normal,0
1/1/2024 0:16,50,76.86,4.51,34.4,1,1,1485.6,1,33.48,0,normal,0
1/1/2024 0:16,27,80.86,4.81,30.67,1,0,0,1,24,0,normal,0
1/1/2024 0:16,9,59.27,3.44,33.61,1,1,1311.3,1,32.74,1,leak,1